Year,Month,Day,Julian_Date,Site ,Oxygen_mgmL,Temp_C,pH,Secchi_cm,Conductivity_us,TDS_ppm,Salinity_ppm
2004,5,27,148,DC,0.24,16.5,6.91,75,,,
2004,5,27,148,FP,4.76,15.5,6.2,100,,,
2004,5,27,148,GC,4.48,14,7.49,20,,,
2004,5,27,148,LS,4.31,15,6.91,100,,,
2004,6,11,163,DC,5.13,18.5,5.57,60,,,
2004,6,11,163,FP,4.84,18,6.86,,,,
2004,6,11,163,FP,4.84,17,6.86,,,,
2004,6,11,163,GC,5.32,,6.47,30,,,
2004,6,11,163,LS,5.84,22,5.39,100,,,
2004,6,25,207,DC,0.76,,5.85,100,,,
2004,6,25,207,FP,6.38,20.7,7.22,100,,,
2004,6,25,207,GC,6.38,18,9.82,25,,,
2004,6,25,207,GC,6.38,25,9.82,25,,,
2004,6,25,207,LS,8.56,17,7.34,100,,,
2004,7,9,191,DC,4.07,18,6.13,95,,,
2004,7,9,191,DC,4.07,18.5,6.13,95,,,
2004,7,9,191,FP,6.8,20,,100,,,
2004,7,9,191,FP,6.8,19.5,,100,,,
2004,7,9,191,GC,7.08,20.8,6.75,27,,,
2004,7,9,191,LS,6.3,21,,100,,,
2004,7,9,191,LS,6.3,20.5,,100,,,
2004,7,23,205,DC,0.22,22.5,6.69,100,,,
2004,7,23,205,FP,2.58,24,6.86,100,,,
2004,7,23,205,GC,0.28,26,6.75,20,,,
2004,7,23,205,LS,0.5,25,6.85,100,,,
2004,8,13,226,DC,0.2,21,6.87,90,,,
2004,8,13,226,DC,0.2,20.7,6.87,90,,,
2004,8,13,226,FP,0.3,21,7.49,,,,
2004,8,13,226,GC,0.38,22.5,6.89,35,,,
2004,8,13,226,LS,0.37,21,6.9,100,,,
2004,8,27,240,DC,0.96,22,6.8,100,,,
2004,8,27,240,FP,1.15,22,7.22,100,,,
2004,8,27,240,GC,0.94,26,7.39,25,,,
2004,8,27,240,LS,0.94,22,7.27,100,,,
2004,8,27,240,LS,0.94,22.5,7.27,100,,,
2004,9,10,254,DC,0.11,20.5,6.8,100,,,
2004,9,10,254,DC,0.11,22,6.8,100,,,
2004,9,10,254,FP,1.54,20,6.43,100,,,
2004,9,10,254,FP,1.54,19,6.43,100,,,
2004,9,10,254,GC,0.42,19,6.79,30,,,
2004,9,10,254,LS,0.93,21,,100,,,
2004,9,24,268,DC,0.1,23,6.88,100,,,
2004,9,24,268,DC,0.1,22,6.88,100,,,
2004,9,24,268,FP,0.11,21,7.48,,,,
2004,9,24,268,FP,0.11,21,7.48,,,,
2004,9,24,268,GC,0.13,21,6.98,55,,,
2004,9,24,268,LS,0.12,21,6.85,,,,
2004,9,24,268,LS,0.12,22,6.85,,,,
2004,10,8,282,DC,0.06,19,6.82,100,,,
2004,10,8,282,DC,0.06,18,6.82,100,,,
2004,10,8,282,FP,0.49,18,7.78,100,,,
2004,10,8,282,GC,0.34,16,6.12,40,,,
2004,10,8,282,LS,0.53,17,9.15,100,,,
2004,10,22,296,DC,0.12,11,6.82,,,,
2004,10,22,296,FP,0.41,12,6.93,100,,,
2004,10,22,296,FP,0.41,11,6.93,100,,,
2004,10,22,296,GC,0.37,10,6.84,50,,,
2004,10,22,296,LS,0.53,11,6.85,100,,,
2004,10,22,296,LS,0.53,12,6.85,100,,,
2005,4,27,117,DC,,12,,,,,
2005,4,27,117,DC,,9,,,,,
2005,4,27,117,FP,,9,,,,,
2005,4,27,117,GC,,8,,,,,
2005,4,27,117,GC,,9,,,,,
2005,4,27,117,LS,,9,,,,,
2005,4,27,117,LS,,8,,,,,
2005,5,11,131,DC,,15,,,,,
2005,5,11,131,DC,,17,,,,,
2005,5,11,131,FP,,13,,,,,
2005,5,11,131,GC,,18,,,,,
2005,5,11,131,LS,,16,,,,,
2005,5,11,131,LS,,15,,,,,
2005,5,19,139,DC,0.02,12.5,8.49,62,,,
2005,5,19,139,DC,0.02,12,8.49,62,,,
2005,5,19,139,FP,0.72,12,7.06,100,,,
2005,5,19,139,GC,0.61,13,8.76,20,,,
2005,5,19,139,LS,0.59,12.5,7.19,100,,,
2005,5,19,139,LS,0.59,13,7.19,100,,,
2005,5,26,146,DC,0.06,16,8.41,100,,,
2005,5,26,146,FP,0.31,14,8.54,100,,,
2005,5,26,146,GC,0.09,18,7.35,20,,,
2005,5,26,146,GC,0.09,15,7.35,20,,,
2005,5,26,146,LS,0.27,15.5,8.57,100,,,
2005,5,26,146,LS,0.27,16,8.57,100,,,
2005,6,1,152,DC,0.28,18.4,8.13,100,,,
2005,6,1,152,DC,0.22,19.5,8.27,110,,,
2005,6,8,159,DC,0.47,21,8.43,100,,,
2005,6,8,159,DC,0.47,22,8.43,100,,,
2005,6,8,159,FP,0.4,22,8.79,100,,,
2005,6,8,159,FP,0.4,21,8.79,100,,,
2005,6,8,159,GC,0.49,25,7.67,20,,,
2005,6,8,159,GC,0.49,22,7.67,20,,,
2005,6,8,159,LS,0.44,22,8.92,100,,,
2005,6,15,166,DC,0.34,20.5,8.2,100,,,
2005,6,15,166,DC,0.32,21.5,8.15,70,,,
2005,6,22,173,DC,0.24,,8.11,33,,,
2005,6,22,173,DC,0.7,18,8.1,,,,
2005,6,22,173,FP,0.27,19,8.53,100,,,
2005,6,22,173,FP,0.27,20,8.53,100,,,
2005,6,22,173,GC,0.27,21,8.3,21,,,
2005,6,22,173,LS,0.42,21,8.57,100,,,
2005,6,22,173,LS,0.42,20,8.57,100,,,
2005,6,29,180,DC,,21.5,,100,,,
2005,6,29,180,DC,,22,,100,,,
2005,6,29,180,GC,,,,20,,,
2005,6,29,180,LS,,,,100,,,
2005,7,6,187,DC,0.33,24,8.36,68,,,
2005,7,6,187,DC,0.33,23.5,8.36,68,,,
2005,7,6,187,FP,0.35,23,8.54,100,,,
2005,7,6,187,GC,0.46,24,8.34,38,,,
2005,7,6,187,LS,0.38,24.5,8.59,100,,,
2005,7,13,194,DC,0.38,27,8.78,100,,,
2005,7,13,194,DC,0.35,27,8.63,100,,,
2005,7,14,195,GC,0.33,28.7,8.42,24,,,
2005,7,14,195,LS,,29,9.09,100,,,
2005,7,20,201,DC,,25,8.53,100,,,
2005,7,20,201,DC,,26,8.53,100,,,
2005,7,20,201,FP,,27,9.11,100,,,
2005,7,20,201,GC,,28,8.35,20,,,
2005,7,20,201,GC,,25,8.35,20,,,
2005,7,20,201,LS,,26,8.84,100,,,
2005,7,20,201,LS,,28,8.84,100,,,
2005,7,21,202,DC,,27.1,8.93,85,,,
2005,7,21,202,FP,,27.5,9.52,100,,,
2005,7,21,202,GC,,29.5,8.67,32,,,
2005,7,21,202,LS,,28.1,9.15,100,,,
2005,7,27,208,DC,,23,7.96,100,,,
2005,7,27,208,DC,,23,8.08,55,,,
2005,7,27,208,FP,,25,8.74,100,,,
2005,7,27,208,GC,,24,7.9,15,,,
2005,7,27,208,LS,,25,8.19,100,,,
2005,7,30,211,GC,,24.6,8.37,,,,
2005,7,31,212,GC,,25.9,8.1,,,,
2005,8,3,215,DC,,27,8.58,100,,,
2005,8,3,215,DC,,26.5,8.58,100,,,
2005,8,3,215,FP,,27,9.33,100,,,
2005,8,3,215,GC,,32,8.29,25,,,
2005,8,3,215,LS,,28.5,8.69,100,,,
2005,8,3,215,LS,,28,8.69,100,,,
2005,8,10,222,DC,13.49,25.6,8.91,105,,,
2005,8,10,222,DC,,23,8.9,30,,,
2005,8,10,222,DC,,25,9.12,55,,,
2005,8,10,222,FP,10.7,24,8.59,100,,,
2005,8,10,222,GC,12.84,29.9,8.46,33,,,
2005,8,10,222,LS,9.78,25.8,8.43,100,,,
2005,8,24,236,DC,11.86,23.5,8.81,100,,,
2005,8,24,236,DC,9.98,22.1,8.71,,,,
2005,8,24,236,DC,10.47,22.7,8.77,100,,,
2005,8,24,236,FP,11.64,24.2,8.84,100,,,
2005,8,24,236,GC,13.04,22.4,8.45,,,,
2005,8,24,236,LS,9.87,23.3,8.39,100,,,
2005,8,31,243,DC,7.84,22.5,8.19,100,,,
2005,8,31,243,FP,6.78,20.3,8.08,100,,,
2005,8,31,243,GC,6.84,22.2,7.64,10,,,
2005,8,31,243,LS,9.46,23.2,8.55,100,,,
2005,9,1,244,LS,9.1,22.6,8.62,,,,
2005,9,14,257,DC,5.1,21.8,7.96,100,,,
2005,9,14,257,FP,8.41,22.9,8.49,100,,,
2005,9,14,257,GC,8.54,23.1,8.04,22,,,
2005,9,14,257,LS,8.2,23,8.23,100,,,
2005,9,20,263,DC,3.77,21,8.01,70,,,
2005,9,20,263,FP,8.55,22.5,8.6,100,,,
2005,9,20,263,GC,16.15,21.4,8.25,25,,,
2005,9,20,263,LS,8.84,22.5,8.47,100,,,
2005,9,28,271,DC,9.58,20.8,,100,,,
2005,9,28,271,DC,7.3,20.1,,100,,,
2005,9,28,271,DC,7.74,20.3,,100,,,
2005,9,28,271,FP,10.45,22.1,,100,,,
2005,9,28,271,GC,16.18,20.8,9.26,20,,,
2005,9,28,271,LS,9.5,21.5,,60,,,
2005,10,5,278,DC,11.26,20.2,8.74,100,,,
2005,10,5,278,DC,10.97,20.4,8.67,100,,,
2005,10,5,278,FP,8.97,19.4,6.22,100,,,
2005,10,5,278,GC,,26.3,5.99,15,,,
2005,10,5,278,LS,12.45,21.3,8.24,110,,,
2005,10,19,292,DC,6.95,14.6,,35,,,
2005,10,19,292,DC,7.35,14.6,,100,,,
2005,10,19,292,DC,7.47,14.8,,100,,,
2005,10,19,292,FP,9.23,15,8.42,,,,
2005,10,19,292,GC,10.69,13.5,8.04,20,,,
2005,10,19,292,LS,10.02,15.4,8.28,80,,,
2006,5,3,123,DC,12.5,12.9,7,100,,,
2006,5,3,123,FP,12.9,11.2,7.27,100,,,
2006,5,3,123,GC,9.8,16,7.2,19,,,
2006,5,3,123,LS,12.9,13.2,7.36,100,,,
2006,5,16,136,DC,7.5,14.5,7.78,100,,,
2006,5,16,136,FP,10.3,15,7.77,100,,,
2006,5,16,136,GC,8.6,14.7,7.64,18,,,
2006,5,16,136,LS,9.6,14.6,7.66,100,,,
2006,5,31,151,DC,12.6,18,7.93,100,,,
2006,5,31,151,FP,8.5,23.2,7.96,100,,,
2006,5,31,151,GC,4,26,7.34,8,,,
2006,5,31,151,LS,14.3,22.1,8.13,100,,,
2006,6,14,165,DC,10.2,19.8,8.87,62,,,
2006,6,14,165,FP,9.3,19,8.43,100,,,
2006,6,14,165,GC,8.9,20.9,8.22,19,,,
2006,6,14,165,LS,13.2,20.5,8.69,100,,,
2006,6,26,177,FP,7.8,22.3,8.01,100,,,
2006,6,26,177,GC,8.1,23.5,8.08,33,,,
2006,6,26,177,LS,9.3,23.1,8.38,100,,,
2006,6,28,179,DC,8.4,22,7.87,95,,,
2006,6,28,179,FP,7.8,22.3,8.01,100,,,
2006,6,28,179,GC,17.5,27.3,8.37,23,,,
2006,6,28,179,LS,9.5,22.6,8.22,100,,,
2006,6,28,179,SI,8.2,23,8.08,,,,
2006,7,12,193,DC,7,22.1,7.86,100,,,
2006,7,12,193,FP,5.6,20.3,7.49,100,,,
2006,7,12,193,GC,7.1,20.8,7.94,5,,,
2006,7,12,193,LS,8.1,22.5,7.88,100,,,
2006,7,12,193,SI,5.5,21.4,7.48,,,,
2006,7,26,207,FP,8.9,25.2,8.6,,,,
2006,7,26,207,GC,10,26.8,8.25,15,,,
2006,7,26,207,LS,8.7,24.3,8.34,95,,,
2006,8,9,221,DC,10.1,24.4,8.61,80,,,
2006,8,9,221,FP,11.9,24.1,8.79,,,,
2006,8,9,221,GC,8.4,25.8,7.76,25,,,
2006,8,9,221,LS,11.3,26.5,8.77,100,,,
2006,8,15,227,SI,8.2,23.4,8.29,,,,
2006,8,17,229,GC,7.5,24.2,7.6,20,,,
2006,8,17,229,LS,10.2,23.2,8.48,100,,,
2006,8,23,235,DC,8.9,21,8.36,100,,,
2006,8,23,235,FP,10.2,24.4,8.72,44,,,
2006,8,23,235,GC,9.6,22.3,7.23,21,,,
2006,8,23,235,LS,9.7,22.4,8.32,38,,,
2006,9,7,250,DC,10.9,20.6,8.37,100,,,
2006,9,7,250,FP,8.1,19.9,7.97,100,,,
2006,9,7,250,GC,6.8,20.2,7.86,20,,,
2006,9,7,250,LS,10.4,20.6,8.08,100,,,
2006,9,7,250,SI,6.1,20.6,8.1,,,,
2006,9,20,263,DC,5.6,18,8.05,100,,,
2006,9,20,263,FP,9.8,19.2,8.14,100,,,
2006,9,20,263,GC,12.4,17,7.98,22,,,
2006,9,20,263,LS,9.8,18.8,8.15,100,,,
2006,10,4,277,DC,6.5,16.7,7.55,,,,
2006,10,4,277,FP,9.1,18.2,7.82,,,,
2006,10,4,277,GC,7.1,15.8,7.38,,,,
2006,10,4,277,LS,8.5,17.1,7.75,,,,
2006,10,4,277,SI,7.5,17.5,7.78,,,,
2006,10,25,298,DC,9.1,11.7,7.96,100,,,
2006,10,25,298,FP,10.7,12.1,8.17,,,,
2006,10,25,298,GC,11.6,7.3,7.76,10,,,
2006,10,25,298,LS,10.6,12.6,8.18,100,,,
2006,10,25,298,SI,9.6,13,8.06,,,,
2007,4,2,92,DC,,6.8,9.4,75,,,
2007,4,2,92,GC,,7.7,10.1,22,,,
2007,4,2,92,LS,,5.7,9.46,100,,,
2007,4,18,108,DC,16.7,5.2,10.36,90,,,
2007,4,18,108,FP,18.8,5.6,9.41,,,,
2007,4,18,108,GC,18.1,6.2,9.4,32,,,
2007,4,18,108,LS,16.5,5.1,9.42,100,,,
2007,4,18,108,P27,18.1,6.5,9.5,,,,
2007,4,18,108,SI,17.2,6.2,9.61,,,,
2007,4,25,115,DC,12.6,11.6,7.71,40,,,
2007,4,25,115,FP,14.5,9.4,8.54,,,,
2007,4,25,115,GC,8.7,13.5,8.6,12,,,
2007,4,25,115,LS,15.1,9.1,8.68,100,,,
2007,4,25,115,P27,14.4,10,8.56,,,,
2007,4,25,115,SI,15.7,8.3,8.66,,,,
2007,5,16,136,DC,9.4,15.7,9.9,38,,,
2007,5,16,136,FP,11.8,14.4,9.15,,,,
2007,5,16,136,GC,7.1,17.6,8.77,16,,,
2007,5,16,136,LS,11.6,14.3,9.16,100,,,
2007,5,16,136,P27,11.9,15.3,8.62,,,,
2007,5,16,136,SI,9.4,14.5,8.97,,,,
2007,5,23,143,DC,12.1,16,10.25,100,,,
2007,5,23,143,FP,12.9,15.2,8.96,,,,
2007,5,23,143,GC,12.7,18.2,9.28,28,,,
2007,5,23,143,LS,12.8,16.5,8.82,100,,,
2007,5,23,143,P27,15.2,15.4,9.1,100,,,
2007,5,23,143,SI,9.4,17.1,8.96,,,,
2007,5,31,151,LS,13.1,20.1,9.09,100,,,
2007,5,31,151,SI,9.8,19.8,8.6,,,,
2007,6,12,163,DC,10.3,22.6,7.8,70,,,
2007,6,12,163,FP,12,21.8,6.85,,,,
2007,6,12,163,GC,8,27.1,6.6,30,,,
2007,6,12,163,LS,13.1,22.5,7.05,100,,,
2007,6,12,163,P27,13,21.8,6.94,100,,,
2007,6,20,171,DC,9.3,22.7,7.57,70,,,
2007,6,20,171,FP,9.9,21.8,7.76,,,,
2007,6,20,171,GC,5.4,23.7,7.14,20,,,
2007,6,20,171,LS,9.9,23.4,7.44,100,,,
2007,6,20,171,P27,9.5,22.2,7.5,,,,
2007,6,20,171,SI,7.9,22.7,7.55,,,,
2007,7,4,185,DC,6.9,21.6,7.66,45,,,
2007,7,4,185,FP,6.8,20.5,7.77,,,,
2007,7,4,185,GC,4.5,22.1,7.65,26,,,
2007,7,4,185,LS,9.4,21.5,7.46,100,,,
2007,7,4,185,P27,9.9,21,7.52,100,,,
2007,7,4,185,SI,8.3,21.8,7.29,,,,
2007,7,12,193,LS,10.4,21.7,7.64,,,,
2007,7,12,193,SI,8.1,21.4,6.33,,,,
2007,7,18,199,DC,13.3,21.4,5.95,70,,,
2007,7,18,199,FP,9.7,21.2,7.63,,,,
2007,7,18,199,GC,10.2,27.5,7.05,,,,
2007,7,18,199,LS,11.7,23.8,7.65,,,,
2007,7,18,199,P27,12.8,22.6,7.19,,,,
2007,7,18,199,SI,9.4,21.3,6.59,,,,
2007,7,25,206,GC,7,24.8,7.64,,,,
2007,7,25,206,LS,7.7,23.7,7.65,,,,
2007,7,25,206,P27,14,22.6,6,,,,
2007,7,25,206,SI,8.3,23.1,6.35,,,,
2007,8,1,213,DC,13.1,26.3,,,,,
2007,8,1,213,FP,7.6,24.1,6.71,,,,
2007,8,1,213,GC,6.1,26.6,7.34,,,,
2007,8,1,213,LS,11.7,24.9,7.68,,,,
2007,8,1,213,P27,12.1,25.5,7.51,,,,
2007,8,1,213,SI,10.3,25.6,,,,,
2007,8,9,221,GC,4.5,24.4,,20,,,
2007,8,16,228,DC,8.3,22.3,,70,,,
2007,8,16,228,FP,9.5,23.4,,,,,
2007,8,16,228,GC,6.7,22,,18,,,
2007,8,16,228,LS,8,22.4,,100,,,
2007,8,16,228,P27,9.7,23,,100,,,
2007,8,16,228,SI,8.2,23.2,,,,,
2007,8,22,234,GC,9.2,19.1,,,,,
2007,8,22,234,LS,8.1,20.4,,100,,,
2007,8,29,241,DC,13,23,8.62,37,,,
2007,8,29,241,FP,10.3,22.6,8.73,,,,
2007,8,29,241,GC,5.3,23,7.2,,,,
2007,8,29,241,LS,10.8,23.4,8.71,,,,
2007,8,29,241,P27,13,24.3,9.1,,,,
2007,8,29,241,SI,11.1,23.6,8.92,,,,
2007,9,6,249,LS,11.8,23,8.53,100,,,
2007,9,12,255,DC,7.5,20.4,8.35,100,,,
2007,9,12,255,FP,9.3,20.6,8.71,,,,
2007,9,12,255,GC,20.5,21.3,8.92,11,,,
2007,9,12,255,LS,10.2,20,8.65,100,,,
2007,9,12,255,SI,8.4,21.3,8.6,,,,
2007,9,24,267,DC,10.8,23.3,8.77,100,,,
2007,9,24,267,FP,9,20,8.48,,,,
2007,9,24,267,GC,10.3,17.5,8.52,,,,
2007,9,24,267,LS,9.3,20.3,8.43,100,,,
2007,9,24,267,P27,10.4,21.9,8.66,100,,,
2007,9,24,267,SI,8.55,21,8.4,,,,
2007,10,10,283,FP,9,19,8.42,,,,
2007,10,10,283,GC,9.7,19.6,8.33,,,,
2007,10,10,283,LS,13.1,18.7,8.39,100,,,
2007,10,10,283,SI,6.9,19.5,8.28,,,,
2007,10,23,296,DC,5.7,15.4,8.07,,,,
2007,10,23,296,LS,8,16.1,8.32,,,,
2007,10,23,296,P27,8.2,16.2,8.32,,,,
2007,10,23,296,SI,6.5,16.5,8.2,,,,
2007,10,30,303,LS,14.5,14,8.5,100,,,
2007,10,30,303,P27,12.6,14.5,8.54,100,,,
2007,11,2,306,LS,11.4,14.1,8.42,,,,
2007,11,2,306,SI,,11.1,8.8,,,,
2007,11,9,313,LS,,11.6,8.62,,,,
2007,11,9,313,P27,,10.1,8.74,,,,
2007,11,26,330,LS,12.8,6.9,8.63,,,,
2007,11,26,330,P27,13.1,8.6,8.65,,,,
2008,4,23,114,DC,14.58,13.3,7.16,30,,,
2008,4,23,114,FP,15.76,10.5,7.98,113,,,
2008,4,23,114,GC,10.01,17.1,7.42,24,,,
2008,4,23,114,LS,16.84,12.8,8.04,77,,,
2008,4,23,114,P27,13.93,13.4,7.93,109,,,
2008,4,23,114,SI,17.44,14.2,8.3,127,,,
2008,5,9,130,LS,15.3,11.5,8.47,100,,,
2008,5,16,137,LS,16.4,14.2,9.02,75,,,
2008,5,16,137,P27,20.5,13.3,8.75,,,,
2008,5,16,137,SI,15.4,14.2,8.46,100,,,
2008,5,23,144,LS,23.6,12.8,9.23,100,,,
2008,5,23,144,P27,19.4,14.9,8.57,,,,
2008,5,23,144,SI,14.5,13.7,8.42,,,,
2008,5,30,151,DC,14.4,14.3,8.35,100,,,
2008,5,30,151,FP,12.6,15.8,8.49,100,,,
2008,5,30,151,GC,23.3,17.4,8.39,25,,,
2008,5,30,151,LS,22.8,14.5,9.05,100,,,
2008,5,30,151,P27,14.9,16.5,8.63,,,,
2008,5,30,151,SI,,16,8.47,,,,
2008,6,6,158,LS,,17.6,9.12,100,,,
2008,6,6,158,P27,,18.5,8.7,100,,,
2008,6,6,158,SI,,18.1,8.42,100,,,
2008,6,18,170,P27,,18.9,9.11,,,,
2008,6,20,172,SI,,18.6,9.33,55,,,
2008,6,27,179,DC,13.7,18.8,9.3,100,,,
2008,6,27,179,FP,12,23,8.82,,,,
2008,6,27,179,GC,7.2,23.4,8.52,23,,,
2008,6,27,179,LS,17.2,21.3,8.58,100,,,
2008,6,27,179,P27,15.3,24,9.01,,,,
2008,6,27,179,SI,24,23.3,8.78,,,,
2008,7,4,186,P27,,20.4,9.95,,,,
2008,7,9,191,P27,,23.4,9.32,,,,
2008,7,10,192,LS,,21.5,9.22,100,,,
2008,7,11,193,P27,10,22.4,8.55,,,,
2008,7,11,193,SI,,21.1,8.99,,,,
2008,7,15,197,SI,15.8,20.7,9.44,100,,,
2008,7,18,200,DC,23.2,21.4,8.58,100,,,
2008,7,18,200,FP,24.3,21.1,8.8,100,,,
2008,7,18,200,GC,18.1,26.6,8.38,20,,,
2008,7,18,200,LS,23.1,23.1,8.56,100,,,
2008,7,18,200,P27,18.3,24.4,8.84,100,,,
2008,7,18,200,SI,22.8,24.6,8.72,85,,,
2008,7,23,205,FP,19.2,21.2,8.97,,,,
2008,7,23,205,LS,,23,9.65,100,,,
2008,7,25,207,FP,,22.2,8.97,,,,
2008,7,25,207,LS,,21.5,9.66,100,,,
2008,7,25,207,P27,24.5,22.9,9.22,,,,
2008,7,25,207,SI,,23.6,8.96,,,,
2008,8,1,214,DC,,21.6,9.78,100,,,
2008,8,1,214,FP,,22.6,8.88,,,,
2008,8,1,214,GC,20.9,22.2,8.75,20,,,
2008,8,1,214,LS,21.2,22.5,8.73,100,,,
2008,8,1,214,P27,22.3,24.2,9.04,,,,
2008,8,1,214,SI,18.8,24.2,8.9,100,,,
2008,8,6,219,DC,9.1,21.4,9.87,70,,,
2008,8,6,219,FP,8,23.5,8.83,71,,,
2008,8,6,219,GC,8.6,19.5,9.04,20,,,
2008,8,6,219,LS,7.9,22.3,8.71,100,,,
2008,8,6,219,P27,8.37,23.3,9.17,,,,
2008,8,6,219,SI,8,23.7,8.78,,,,
2008,8,15,228,DC,,21.4,9.8,100,,,
2008,8,15,228,P27,16.2,22.9,9.25,,,,
2008,8,22,235,LS,18.9,21.7,9.68,100,,,
2008,8,22,235,P27,19.8,21.7,9.15,,,,
2008,8,22,235,SI,17.1,22.4,8.9,100,,,
2008,8,29,242,DC,22.6,23.4,8.68,100,,,
2008,8,29,242,FP,9.6,21.1,8.82,100,,,
2008,8,29,242,GC,,19.9,9.7,20,,,
2008,8,29,242,LS,7.8,21.2,9.21,100,,,
2008,8,29,242,P27,6.8,22.5,8.66,10,,,
2008,8,29,242,SI,8.8,21.9,8.5,100,,,
2008,9,3,247,DC,9.5,23.9,8.76,,,,
2008,9,3,247,FP,19.1,24.7,9.03,100,,,
2008,9,3,247,GC,20.1,28.4,8.7,,,,
2008,9,3,247,LS,9.4,24.6,9.57,100,,,
2008,9,3,247,P27,16.6,24.7,9.02,100,,,
2008,9,3,247,SI,6.1,25.4,8.74,,,,
2008,9,12,256,LS,18.9,20.8,9.53,100,,,
2008,9,12,256,P27,16.8,21.1,9.08,100,,,
2008,9,12,256,SI,14.8,20.9,8.69,100,,,
2008,9,14,258,LS,18.6,21.7,9.36,100,,,
2008,9,14,258,SI,7.3,21.3,8.52,100,,,
2008,9,19,263,DC,13.6,19.9,9.29,100,,,
2008,9,19,263,FP,10.5,20.9,8.62,100,,,
2008,9,19,263,GC,5.5,19.3,8.55,20,,,
2008,9,19,263,LS,10.52,20.5,8.74,100,,,
2008,9,19,263,P27,9.8,19.9,8.77,100,,,
2008,9,19,263,SI,11.3,19.9,8.67,100,,,
2008,9,21,265,P27,19.8,19.7,8.48,,,,
2008,9,21,265,SI,16.7,20.2,8.8,,,,
2008,9,26,270,LS,14.1,21.2,9.52,100,,,
2008,9,26,270,P27,12.2,21.1,8.97,,,,
2008,9,26,270,SI,16.1,20.5,8.73,20,,,
2008,10,3,277,DC,18.8,17.3,9.53,100,,,
2008,10,3,277,FP,11.7,17.3,8.81,,,,
2008,10,3,277,GC,9.5,12.8,9.07,10,,,
2008,10,3,277,LS,5.8,16.7,8.68,100,,,
2008,10,3,277,P27,9.3,17.4,8.58,,,,
2008,10,3,277,SI,11.9,17.8,8.7,,,,
2008,10,10,284,LS,14.3,18.2,9.76,100,,,
2008,10,10,284,P27,11.7,18.2,8.88,100,,,
2008,10,10,284,SI,10.6,18,8.98,100,,,
2008,10,17,291,LS,13.6,16.7,9.97,71,,,
2008,10,17,291,P27,19.7,15.9,9.19,100,,,
2008,10,17,291,SI,12.5,16.7,8.86,100,,,
2008,10,24,298,DC,17.4,13.4,8.73,100,,,
2008,10,24,298,FP,14,13.4,9.04,100,,,
2008,10,24,298,GC,14.5,10.1,8.56,10,,,
2008,10,24,298,LS,13.4,13.3,9.91,100,,,
2008,10,24,298,P27,12.1,13.1,8.83,,,,
2008,10,24,298,SI,12.9,13.6,8.78,,,,
2009,4,22,112,LS,15.7,8.2,7.56,100,,,
2009,5,5,125,LS,13.1,11.7,8.72,100,,,
2009,5,5,125,P27,13.8,12.3,8.02,100,,,
2009,5,5,125,SI,11.6,12.2,7.75,100,,,
2009,5,6,126,LS,13.7,12.9,7.61,100,,,
2009,5,6,126,P27,13.2,12.6,7.7,100,,,
2009,5,6,126,SI,14.1,13.2,7.63,100,,,
2009,5,7,127,LS,12.5,12.7,8.1,100,,,
2009,5,7,127,P27,12.5,14.3,7.5,100,,,
2009,5,7,127,SI,12.5,13.6,8.02,100,,,
2009,5,8,128,LS,13.1,11.8,8.02,100,,,
2009,5,8,128,P27,15.1,13.1,7.62,100,,,
2009,5,8,128,SI,14.5,13.2,7.75,65,,,
2009,5,15,135,LS,11.2,12.9,8.51,100,,,
2009,5,15,135,SI,11.5,13.9,8.15,100,,,
2009,5,22,142,LS,12.2,14.6,8.31,100,,,
2009,5,22,142,P27,12,15.5,7.75,71,,,
2009,5,22,142,SI,10.4,16.2,7.3,100,,,
2009,5,27,147,DC,6.9,16.6,8.38,100,,,
2009,5,27,147,FP,10,14,7.64,,,,
2009,5,27,147,GC,7.7,16.6,7.73,35,,,
2009,5,27,147,LS,13,15.5,7.6,80,,,
2009,6,2,153,LS,9.7,15.2,8.21,100,,,
2009,6,2,153,P27,11,15.8,7.55,100,,,
2009,6,2,153,SI,9.2,16.2,7.21,100,,,
2009,6,3,153,LS,10.5,15.7,8.1,100,,,
2009,6,3,153,P27,10.7,15.8,7.44,100,,,
2009,6,3,153,SI,10,16.3,7.7,100,,,
2009,6,4,154,LS,9.4,15.2,7.79,100,,,
2009,6,4,154,P27,12.4,16.6,7.29,100,,,
2009,6,4,154,SI,10.8,17.6,7.2,100,,,
2009,6,5,155,LS,10.8,16.3,7.91,100,,,
2009,6,5,155,P27,11.7,16.8,7.52,100,,,
2009,6,5,155,SI,10.7,17.3,7.69,100,,,
2009,6,12,163,LS,12.3,18,7.98,100,,,
2009,6,12,163,P27,11.9,17.7,7.33,100,,,
2009,6,12,163,SI,9.1,20.1,7.2,100,,,
2009,6,19,170,DC,6.1,19.3,7.46,71,,,
2009,6,19,170,FP,12.1,18.9,7.34,100,,,
2009,6,19,170,GC,6.5,19.2,7.21,35,,,
2009,6,19,170,LS,7.9,18.5,7.13,100,,,
2009,6,19,170,P27,11.4,19.6,7.28,100,,,
2009,6,19,170,SI,8.1,20.9,7.02,100,,,
2009,6,23,174,LS,10.6,22.1,8.01,100,,,
2009,6,23,174,P27,14.4,21.2,7.38,100,,,
2009,6,23,174,SI,7.9,23.4,6.85,100,,,
2009,6,24,175,LS,13.1,23.3,7.9,100,,,
2009,6,24,175,P27,14.2,23.7,7.63,100,,,
2009,6,24,175,SI,9.6,24.6,7.41,100,,,
2009,6,25,176,LS,9.1,23.7,7.74,100,,,
2009,6,25,176,P27,12.4,23.7,7.35,100,,,
2009,6,25,176,SI,9.1,23.6,7.41,40,,,
2009,6,26,177,LS,6.8,22.4,7.68,100,,,
2009,6,26,177,P27,11.8,23.8,7.45,100,,,
2009,6,26,177,SI,9.6,23.5,7.23,100,,,
2009,6,27,178,LS,10.9,22.7,7.79,100,,,
2009,7,3,184,LS,6.9,21.8,7.87,55,,,
2009,7,3,184,P27,9.2,21.7,,100,,,
2009,7,3,184,SI,7.9,22.1,7.14,100,,,
2009,7,9,190,LS,8.2,21.6,7.85,100,,,
2009,7,9,190,P27,10.8,21,7.34,100,,,
2009,7,9,190,SI,9,22.5,6.98,100,,,
2009,7,16,197,DC,12.5,22.6,8.24,65,,,
2009,7,16,197,FP,11.4,22.1,7.74,100,,,
2009,7,16,197,GC,11.1,23,7.6,35,,,
2009,7,16,197,LS,9.7,20,7.22,100,,,
2009,7,17,198,LS,8.1,20.3,7.85,100,,,
2009,7,17,198,P27,12.8,21.3,7.87,100,,,
2009,7,17,198,SI,7.6,21.3,7.36,100,,,
2009,7,22,203,LS,9.1,20.2,7.83,100,,,
2009,7,22,203,P27,14.9,20.2,8.25,100,,,
2009,7,22,203,SI,8.9,20.3,7.53,100,,,
2009,7,23,204,LS,5,19.9,6.78,35,,,
2009,7,23,204,P27,8.3,20,7.36,100,,,
2009,7,23,204,SI,6,20.6,7.14,80,,,
2009,7,24,205,LS,7.4,20.1,7.42,40,,,
2009,7,24,205,P27,12.38,21.7,7.75,71,,,
2009,7,24,205,SI,8.8,21.2,7.49,100,,,
2009,7,30,211,LS,9.3,20.6,7.32,100,,,
2009,7,30,211,P27,14.6,21.9,7.93,100,,,
2009,7,30,211,SI,8.7,21.2,6.4,100,,,
2009,7,31,212,LS,8.1,21.1,7.31,100,,,
2009,7,31,212,P27,14.01,22.1,8.08,100,,,
2009,7,31,212,SI,9.4,22.2,7.58,100,,,
2009,8,5,217,DC,6.5,21.1,7.38,25,,,
2009,8,5,217,FP,8.9,20.5,7.16,100,,,
2009,8,5,217,GC,6,20.3,7.23,10,,,
2009,8,5,217,LS,6.9,20.4,7,21,,,
2009,8,5,217,P27,11.2,22.4,7.64,100,,,
2009,8,5,217,SI,7.3,21.3,6.75,100,,,
2009,8,6,218,LS,9.1,22.3,7.58,100,,,
2009,8,13,225,LS,8.36,23.5,7.48,100,,,
2009,8,14,226,LS,8.6,23.5,7.22,71,,,
2009,8,14,226,P27,11.3,23.3,7.45,50,,,
2009,8,14,226,SI,7.45,24.3,6.87,100,,,
2009,8,18,230,LS,8,25,7.03,100,,,
2009,8,18,230,P27,10.3,26.2,7.78,100,,,
2009,8,18,230,SI,8.2,24,7.51,100,,,
2009,8,19,231,LS,6.4,24.2,7.02,100,,,
2009,8,19,231,P27,12.9,27.4,7.94,100,,,
2009,8,19,231,SI,8.4,25.1,7.52,100,,,
2009,8,20,232,LS,8.1,24.8,7.41,100,,,
2009,8,20,232,P27,12.2,24.9,8.14,100,,,
2009,8,20,232,SI,6.4,22.8,7.21,100,,,
2009,8,21,233,LS,6.6,24.7,7.32,30,,,
2009,8,21,233,P27,9.2,24.7,7.68,55,,,
2009,8,21,233,SI,5.6,22.4,7.03,35,,,
2009,8,25,237,LS,6.3,21.3,7.32,100,,,
2009,8,25,237,P27,12.3,23.1,7.88,80,,,
2009,8,25,237,SI,5.7,23.8,6.89,100,,,
2009,9,1,244,LS,11,19.1,8.26,100,,,
2009,9,1,244,P27,11.8,20.6,7.42,100,,,
2009,9,1,244,SI,10.2,21.1,7.5,100,,,
2009,9,3,246,LS,12.3,21.2,7.7,100,,,
2009,9,3,246,P27,10.8,21.5,7.01,100,,,
2009,9,3,246,SI,11.6,22,7.36,100,,,
2009,9,10,253,LS,9.4,21.4,7.8,100,,,
2009,9,10,253,P27,10.2,20.6,7.28,100,,,
2009,9,10,253,SI,9.1,22.1,7.13,,,,
2009,9,15,258,DC,8.4,19.9,7.68,100,,,
2009,9,15,258,FP,8.6,21.4,6.91,100,,,
2009,9,15,258,GC,9,20.5,7.04,10,,,
2009,9,15,258,LS,9.3,20.9,6.73,100,,,
2009,9,17,260,LS,10,22,7.72,71,,,
2009,9,17,260,P27,8.7,20.2,7.21,100,,,
2009,9,17,260,SI,5.2,20.6,6.97,80,,,
2009,9,24,267,LS,8.6,21,8.41,100,,,
2009,9,24,267,P27,10.3,21.4,7.15,,,,
2009,9,24,267,SI,9.4,21.5,7.47,,,,
2009,10,1,274,LS,9,16.8,,100,,,
2009,10,1,274,P27,8.7,17.9,,100,,,
2009,10,1,274,SI,6.8,17.4,,100,,,
2009,10,8,281,LS,9.2,15.3,8.01,100,,,
2009,10,8,281,SI,7,15.4,8.06,100,,,
2009,10,15,288,LS,8.5,12.3,8.4,25,,,
2009,10,15,288,P27,9.8,11.4,8.5,100,,,
2009,10,15,288,SI,8.3,12.7,8.35,100,,,
2009,10,20,293,DC,12,11.4,7.34,100,,,
2009,10,20,293,FP,12.8,12.4,5.53,100,,,
2009,10,20,293,GC,15.7,9,6.13,15,,,
2009,10,20,293,LS,12.2,12,7.43,100,,,
2009,10,21,294,LS,11.7,12.6,,90,,,
2009,10,21,294,P27,10.7,13.2,,,,,
2009,10,21,294,SI,10.6,12.6,,,,,
2010,4,20,110,DC,13.42,11.5,8.36,100,,,
2010,4,20,110,FP,14.94,12.2,8.36,100,,,
2010,4,20,110,GC,13.67,14.6,8.43,100,,,
2010,4,20,110,LS,13.05,11.5,8.41,100,,,
2010,5,4,124,P27,13.44,15.4,8.21,,,,
2010,5,4,124,SI,11.44,13.8,8.13,,,,
2010,5,12,132,DC,11.49,11.5,8.08,60,,,
2010,5,12,132,FP,12.32,10.6,8.29,100,,,
2010,5,12,132,GC,13.2,10.2,7.84,30,,,
2010,5,12,132,LS,11.67,10.9,8.23,50,,,
2010,5,12,132,P27,11.2,11.1,8.17,100,,,
2010,5,12,132,SI,10.5,11.7,8.12,100,,,
2010,5,26,146,DC,13.44,21.3,8.39,55,,,
2010,5,26,146,FP,17.9,20.5,8.99,100,,,
2010,5,26,146,GC,10.61,,8.36,25,,,
2010,5,26,146,LS,14.32,21.6,8.69,100,,,
2010,5,26,146,P27,18.7,20.1,9.06,100,,,
2010,6,1,152,LS,10.63,22.3,8.73,40,,,
2010,6,8,159,DC,6.77,17.5,8.12,50,,,
2010,6,8,159,FP,11.2,13.5,8.56,100,,,
2010,6,8,159,GC,8.33,18.8,8.12,20,,,
2010,6,8,159,GC,7.4,16.1,8.09,20,,,
2010,6,8,159,LS,9.38,19.5,8.33,100,,,
2010,6,8,159,P27,11.11,20.5,8.52,100,,,
2010,6,8,159,SI,8.4,21.5,8.14,100,,,
2010,6,22,173,LS,8.14,23,7.84,100,,,
2010,6,24,175,LS,9.3,23.3,8.13,100,,,
2010,6,24,175,SI,5.03,24.1,7.66,100,,,
2010,7,9,190,LS,8.68,24.6,8.17,25,,,
2010,7,16,197,DC,4.9,24.5,7.52,60,,,
2010,7,16,197,FP,10.87,25.8,8.75,100,,,
2010,7,16,197,GC,11.22,27.7,8.18,20,,,
2010,7,16,197,LS,10,27,8.46,100,,,
2010,7,16,197,P27,11.37,26.4,8.9,100,,,
2010,7,16,197,SI,11.45,26.4,8.84,100,,,
2010,7,22,203,LS,10.81,25,8.5,100,,,
2010,7,22,203,SI,9.54,25.2,8.43,100,,,
2010,7,30,211,DC,9.44,24.7,7.92,70,,,
2010,7,30,211,FP,11.63,23.9,8.89,100,,,
2010,7,30,211,GC,8.95,23.4,7.79,20,,,
2010,7,30,211,LS,10.38,25.1,8.3,100,,,
2010,7,30,211,P27,14.09,25.5,8.8,100,,,
2010,7,30,211,SI,9.58,25.3,8.67,100,,,
2010,8,3,215,DC,8.78,24.6,8.11,100,,,
2010,8,3,215,FP,11.45,24.6,8.88,100,,,
2010,8,3,215,GC,12.27,26.1,8.26,20,,,
2010,8,3,215,LS,11.65,26.1,8.41,100,,,
2010,8,3,215,P27,12.28,25.6,8.62,100,,,
2010,8,3,215,SI,11.09,24.7,8.83,100,,,
2010,8,10,222,LS,10,27.4,8.38,,,,
2010,8,17,229,LS,8.87,24.4,8.55,100,,,
2010,8,24,236,DC,6.3,22.6,7.53,100,,,
2010,8,24,236,FP,7.35,20.5,8.07,100,,,
2010,8,24,236,GC,7.55,21.8,7.82,40,,,
2010,8,24,236,LS,6.89,23,7.85,100,,,
2010,8,24,236,P27,8.66,21.9,7.57,100,,,
2010,8,24,236,SI,7.94,22,8.03,100,,,
2010,8,27,239,LS,11.64,23.8,9.89,100,,,
2010,9,21,264,DC,13.05,20.2,8.89,100,,,
2010,9,21,264,FP,11.45,19.6,7.77,100,,,
2010,9,21,264,GC,,21.8,8.27,25,,,
2010,9,21,264,LS,11.05,20,7.79,70,,,
2010,9,21,264,P27,9.62,18.5,7.42,,,,
2010,9,21,264,SI,11.02,18.9,7.44,100,,,
2010,10,6,279,DC,8.41,15.2,,100,,,
2010,10,6,279,FP,9.62,15.9,,100,,,
2010,10,6,279,GC,9.1,12.4,,18,,,
2010,10,6,279,LS,9.85,16.7,,100,,,
2010,10,6,279,P27,10.35,16,,100,,,
2010,10,6,279,SI,8.13,16.4,,100,,,
2010,10,19,292,DC,10.41,14.8,8.12,,,,
2010,10,19,292,FP,11.45,14.4,8.19,,,,
2010,10,19,292,GC,24.15,13.2,8.12,30,,,
2010,10,19,292,LS,12.29,13.8,8.11,100,,,
2010,10,19,292,P27,10.25,15.4,8.25,,,,
2010,10,19,292,SI,10.4,14.8,8.78,,,,
2010,11,2,306,DC,13.32,12.4,,100,,,
2010,11,2,306,FP,10.76,11.9,,100,,,
2010,11,2,306,GC,12.68,5.3,,20,,,
2010,11,2,306,LS,10.34,11.8,,100,,,
2010,11,2,306,P27,15.51,12.9,,,,,
2010,11,2,306,SI,12.58,17.4,,100,,,
2011,5,4,124,DC,13,,7.72,40,,,
2011,5,4,124,FP,13.75,,,100,,,
2011,5,4,124,GC,12.35,,,25,,,
2011,5,4,124,LS,13.66,,,100,,,
2011,5,4,124,P27,14.2,,,100,,,
2011,5,4,124,SI,13.1,,,100,,,
2011,5,18,138,DC,10.1,,,60,,,
2011,5,18,138,FP,10.59,,,100,,,
2011,5,18,138,GC,10.99,,,40,,,
2011,5,18,138,LS,11.11,,,85,,,
2011,5,18,138,P27,10.41,,,80,,,
2011,5,18,138,SI,9.47,,,70,,,
2011,6,1,152,DC,7.8,,,70,,,
2011,6,1,152,FP,12.6,,,35,,,
2011,6,1,152,GC,7.2,,,25,,,
2011,6,1,152,LS,10.6,,,30,,,
2011,6,1,152,P27,12.05,,,30,,,
2011,6,1,152,SI,10.6,,,85,,,
2011,6,15,166,DC,8.93,,,60,,,
2011,6,15,166,FP,8.56,,,100,,,
2011,6,15,166,GC,8.14,,,30,,,
2011,6,15,166,LS,8.71,,,100,,,
2011,6,15,166,P27,10.36,,,70,,,
2011,6,15,166,SI,8.21,,,100,,,
2011,6,28,179,DC,8.18,,,60,,,
2011,6,28,179,FP,8.21,,,75,,,
2011,6,28,179,LS,8.56,,,100,,,
2011,6,28,179,P27,9.46,,,70,,,
2011,6,28,179,SI,7.09,,,70,,,
2011,6,29,180,GC,5.18,,,20,,,
2011,7,13,194,DC,6.45,,,85,,,
2011,7,13,194,FP,9.13,,,100,,,
2011,7,13,194,GC,5.3,,,30,,,
2011,7,13,194,LS,8.5,,,100,,,
2011,7,13,194,P27,10.15,,,100,,,
2011,7,13,194,SI,7.9,,,90,,,
2011,7,26,207,DC,6.85,,11,100,,,
2011,7,26,207,FP,9.55,,,100,,,
2011,7,26,207,GC,7.35,,,25,,,
2011,7,26,207,LS,8.63,,,100,,,
2011,7,26,207,P27,8.95,,,60,,,
2011,7,26,207,SI,8.35,,,100,,,
2011,8,10,222,DC,9.07,,8.3,70,,,
2011,8,10,222,FP,9.24,,8.72,60,,,
2011,8,10,222,GC,7.74,,7.39,20,,,
2011,8,10,222,LS,8.3,,8.5,55,,,
2011,8,10,222,P27,9.23,,8.71,50,,,
2011,8,10,222,SI,8.44,,8.06,50,,,
2011,8,24,236,DC,8.53,,8.1,100,,,
2011,8,24,236,FP,9.02,,8.91,40,,,
2011,8,24,236,GC,9.2,,8.19,20,,,
2011,8,24,236,LS,8.95,,8.23,90,,,
2011,8,24,236,P27,9.3,,8.58,100,,,
2011,8,24,236,SI,6.6,,8.02,100,,,
2011,9,7,250,DC,9.27,,8.38,50,,,
2011,9,7,250,FP,5.51,,7.75,100,,,
2011,9,7,250,GC,,,8.43,35,,,
2011,9,7,250,LS,7.02,,8.29,90,,,
2011,9,7,250,P27,7.61,,8.03,100,,,
2011,9,7,250,SI,7.08,,8.24,95,,,
2011,9,22,265,DC,11.6,,,60,,,
2011,9,22,265,FP,8.73,,,,,,
2011,9,22,265,GC,6.91,,,20,,,
2011,9,22,265,LS,9.97,,,100,,,
2011,9,22,265,P27,9.3,,,100,,,
2011,9,22,265,SI,8.7,,,100,,,
2011,10,6,279,DC,8.85,,8.17,100,,,
2011,10,6,279,FP,8.26,,7.8,100,,,
2011,10,6,279,GC,8.11,,8.02,20,,,
2011,10,6,279,LS,8.56,,7.97,100,,,
2011,10,6,279,P27,9.84,,8.12,100,,,
2011,10,6,279,SI,8.05,,7.73,100,,,
2011,10,16,289,DC,6.71,,,50,,,
2011,10,16,289,GC,9.82,,,20,,,
2011,10,16,289,LS,9.75,,,40,,,
2011,10,16,289,P27,8.66,,,100,,,
2011,10,16,289,SI,8.32,,,100,,,
2011,11,11,315,DC,12.38,,,100,,,
2011,11,11,315,GC,17.97,,,10,,,
2011,11,11,315,LS,11.31,,,100,,,
2011,11,11,315,SI,10.54,,,100,,,
2012,5,3,124,DC,14.41,,,100,,,
2012,5,3,124,FP,13.41,,,100,,,
2012,5,3,124,GC,12.8,,,100,,,
2012,5,3,124,LS,13.48,,,100,,,
2012,5,3,124,P27,13.26,,,100,,,
2012,5,3,124,SI,14.39,,,100,,,
2012,5,16,137,DC,12.23,,,55,,,
2012,5,16,137,FP,12.99,,,100,,,
2012,5,16,137,GC,9.22,,,21,,,
2012,5,16,137,LS,12.3,,,100,,,
2012,5,16,137,P27,,,,,,,
2012,5,16,137,SI,12.19,,,100,,,
2012,5,30,151,DC,11.2,,,100,,,
2012,5,30,151,GC,5.55,,,40,,,
2012,5,30,151,LS,12.95,,,100,,,
2012,5,30,151,SI,8.32,,,100,,,
2012,5,31,152,FP,11.15,,,100,,,
2012,5,31,152,P27,11.48,,,100,,,
2012,6,13,165,DC,13.49,,8.36,100,,,
2012,6,13,165,FP,14.31,,8.83,100,,,
2012,6,13,165,GC,7.99,,7.52,20,,,
2012,6,13,165,LS,4.41,,7.41,0,,,
2012,6,13,165,P27,17.58,,8.96,100,,,
2012,6,13,165,SI,11.93,,8.64,100,,,
2012,6,27,179,DC,8.65,,8.13,100,,,
2012,6,27,179,FP,9.15,,8.69,100,,,
2012,6,27,179,GC,7.29,,7.89,40,,,
2012,6,27,179,LS,11.38,,8.46,100,,,
2012,6,27,179,P27,11.58,,8.76,100,,,
2012,6,27,179,SI,9.17,,8.58,100,,,
2012,7,11,193,DC,14.55,,8.9,100,,,
2012,7,11,193,FP,12.33,,8.7,100,,,
2012,7,11,193,GC,9.26,,8.1,30,,,
2012,7,11,193,LS,12.63,,8.87,100,,,
2012,7,11,193,P27,17.04,,9.16,100,,,
2012,7,11,193,SI,11.89,,8.74,100,,,
2012,7,25,207,DC,13.11,,8.69,100,,,
2012,7,25,207,FP,11.01,,8.74,100,,,
2012,7,25,207,GC,11.2,,8.81,50,,,
2012,7,25,207,LS,10.86,,8.47,100,,,
2012,7,25,207,P27,10.76,,8.69,100,,,
2012,7,25,207,SI,9.61,,8.37,100,,,
2012,8,8,221,DC,8.65,,,100,,,
2012,8,8,221,FP,11,,,80,,,
2012,8,8,221,GC,9.4,,,20,,,
2012,8,8,221,LS,11.97,,,100,,,
2012,8,8,221,P27,13.42,,,80,,,
2012,8,8,221,SI,8.36,,,80,,,
2012,8,22,235,DC,10.51,,,100,,,
2012,8,22,235,FP,12.42,,,100,,,
2012,8,22,235,GC,10.03,,,10,,,
2012,8,22,235,LS,13.57,,,100,,,
2012,8,22,235,P27,13.31,,,100,,,
2012,8,22,235,SI,11.22,,,100,,,
2012,9,5,249,DC,10.23,,9.02,50,,,
2012,9,5,249,FP,15.13,,9.43,70,,,
2012,9,5,249,GC,4.4,,7.93,40,,,
2012,9,5,249,LS,11.76,,8.76,50,,,
2012,9,5,249,P27,14.1,,9.9,50,,,
2012,9,5,249,SI,13.04,,9.45,10,,,
2012,9,20,264,DC,10.33,,9.51,100,,,
2012,9,20,264,FP,9.03,,9.29,100,,,
2012,9,20,264,GC,9.96,,8.85,40,,,
2012,9,20,264,LS,9.56,,9.41,60,,,
2012,9,20,264,P27,6.44,,8.72,60,,,
2012,9,20,264,SI,5.61,,8.46,50,,,
2012,10,3,277,DC,11.04,,9.61,100,,,
2012,10,3,277,FP,7.56,,8.88,100,,,
2012,10,3,277,GC,12.9,,8.96,40,,,
2012,10,3,277,LS,7.22,,8.88,80,,,
2012,10,3,277,P27,9.12,,9.39,100,,,
2012,10,3,277,SI,2.96,,8.06,100,,,
2012,10,17,291,DC,9.48,,8.8,100,,,
2012,10,17,291,FP,9.24,,8.61,100,,,
2012,10,17,291,GC,9.93,,8.39,30,,,
2012,10,17,291,LS,8.25,,8.28,60,,,
2012,10,17,291,P27,11.06,,9.24,100,,,
2012,10,17,291,SI,5.38,,7.93,100,,,
2013,5,7,127,DC,11.16,19.5,8.7,100,,,
2013,5,7,127,FP,14.8,15.8,9,100,,,
2013,5,7,127,GC,7.94,20.7,8.44,10,,,
2013,5,7,127,LS,9.26,19.1,8.53,100,,,
2013,5,7,127,P27,15.2,16.7,8.92,100,,,
2013,5,7,127,SI,11.15,17,8.74,100,,,
2013,5,15,135,DC,8.77,12.3,8.65,,,,
2013,5,15,135,FP,10.24,11.2,8.6,100,,,
2013,5,15,135,GC,7.53,11.6,8.53,20,,,
2013,5,15,135,LS,10.44,13.2,8.73,100,,,
2013,5,15,135,P27,12.42,13.7,9.05,100,,,
2013,5,15,135,SI,8.6,14.2,8.5,100,,,
2013,5,29,149,DC,12.4,19.4,8.64,80,,,
2013,5,29,149,FP,11.29,16.5,8.6,100,,,
2013,5,29,149,GC,8.1,17.3,8.9,100,,,
2013,5,29,149,LS,11.98,18.5,8.83,50,,,
2013,5,29,149,P27,11.57,19.5,8.61,100,,,
2013,5,29,149,SI,11.45,17.6,8.7,70,,,
2013,6,12,163,DC,7.11,21,8.05,90,,,
2013,6,12,163,FP,6.97,20,8.31,100,,,
2013,6,12,163,GC,4.38,19,7.96,15,,,
2013,6,12,163,LS,8.21,22,8.19,100,,,
2013,6,12,163,P27,9.47,20.2,8.56,100,,,
2013,6,12,163,SI,7.49,20.7,8.18,100,,,
2013,6,26,177,DC,7.54,27.2,8.05,100,,,
2013,6,26,177,FP,6.78,26.8,8.59,100,,,
2013,6,26,177,GC,5.88,26.1,8.15,20,,,
2013,6,26,177,LS,6.27,25.4,8.51,100,,,
2013,6,26,177,P27,7.31,26.2,8.6,100,,,
2013,6,26,177,SI,6.98,25.2,8.35,100,,,
2013,7,10,191,DC,10.15,26,8.62,80,,,
2013,7,10,191,FP,8.21,24.5,8.28,100,,,
2013,7,10,191,GC,4.65,25.3,7.74,40,,,
2013,7,10,191,LS,7.07,25.3,7.9,100,,,
2013,7,10,191,P27,6.96,25.8,8.38,100,,,
2013,7,10,191,SI,7.45,24.4,8.31,100,,,
2013,7,24,205,DC,10.12,20.7,8.08,100,,,
2013,7,24,205,FP,8.04,22.2,8.52,100,,,
2013,7,24,205,GC,4.3,19.3,7.73,40,,,
2013,7,24,205,LS,7.23,21.2,8.29,100,,,
2013,7,24,205,P27,11.53,22.3,8.91,100,,,
2013,7,24,205,SI,9.09,22.6,8.71,100,,,
2013,8,7,219,DC,14.75,22.4,8.83,100,,,
2013,8,7,219,FP,7.08,21.7,8.33,100,,,
2013,8,7,219,GC,6.75,22.5,7.95,40,,,
2013,8,7,219,LS,9.45,22.1,8.59,100,,,
2013,8,7,219,P27,8.58,21.6,8.52,100,,,
2013,8,7,219,SI,7.57,21.6,8.16,100,,,
2013,8,21,233,DC,10.63,22.2,8.62,100,,,
2013,8,21,233,FP,8.47,23.4,8.54,100,,,
2013,8,21,233,GC,3.1,22.3,7.68,30,,,
2013,8,21,233,LS,7.84,22.1,8.35,100,,,
2013,8,21,233,P27,8.53,24.3,8.83,100,,,
2013,8,21,233,SI,7.86,23.8,8.44,100,,,
2013,9,13,256,DC,6.96,17,8.23,80,,,
2013,9,13,256,FP,7.15,16.9,8.3,100,,,
2013,9,13,256,GC,9.39,16.4,8.41,30,,,
2013,9,13,256,LS,6.7,18.4,8.22,100,,,
2013,9,13,256,P27,8.2,17.5,8.45,100,,,
2013,9,13,256,SI,7.55,17.6,8.41,100,,,
2013,9,27,270,DC,8.35,22.7,8.7,50,,,
2013,9,27,270,FP,8.53,19.1,8.25,100,,,
2013,9,27,270,GC,11.7,21.8,8.86,70,,,
2013,9,27,270,LS,10.08,19.3,8.82,100,,,
2013,9,27,270,P27,9.52,18.2,8.5,100,,,
2013,9,27,270,SI,10.88,17.3,8.45,100,,,
2013,10,4,277,DC,8.1,18.8,8.55,75,,,
2013,10,4,277,FP,5.62,17.5,8.44,100,,,
2013,10,4,277,GC,6.75,18.4,8,10,,,
2013,10,4,277,LS,8.3,18.2,8.66,100,,,
2013,10,4,277,P27,7.76,17.4,8.55,100,,,
2013,10,4,277,SI,7.9,17.5,8.27,100,,,
2013,10,18,291,DC,8.39,16.9,8.61,100,,,
2013,10,18,291,FP,7.4,15.4,8.67,100,,,
2013,10,18,291,GC,7.7,15.4,8.46,35,,,
2013,10,18,291,LS,8.91,16.2,8.72,100,,,
2013,10,18,291,P27,7.47,15.3,8.62,100,,,
2013,10,18,291,SI,6.45,16.2,8.5,,,,
2014,4,30,120,DC,9,11.8,8.53,60,,,
2014,4,30,120,GC,9.75,9.3,8.13,20,,,
2014,4,30,120,LS,9.98,10.8,8.43,60,,,
2014,4,30,120,SI,9.2,13,8.35,70,,,
2014,5,7,127,DC,9.51,13.1,8.61,40,,,
2014,5,7,127,FP,10.66,13.6,8.97,100,,,
2014,5,7,127,GC,6.6,14.2,8.62,10,,,
2014,5,7,127,LS,12.6,13.1,8.67,70,,,
2014,5,7,127,P27,9.1,11.2,8.14,100,,,
2014,5,7,127,SI,9.04,12.7,8.5,100,,,
2014,5,21,141,DC,8.82,16.2,8.54,4.5,,,
2014,5,21,141,FP,9.26,16.1,8.54,100,,,
2014,5,21,141,GC,6.96,15.4,8.58,4,,,
2014,5,21,141,LS,9.6,16,8.9,100,,,
2014,5,21,141,P27,11.2,16.2,9.02,100,,,
2014,5,21,141,SI,8.88,18.7,8.46,100,,,
2014,6,4,155,DC,6.24,24.7,8.44,100,,,
2014,6,4,155,FP,6.37,21.7,8.82,100,,,
2014,6,4,155,GC,4.21,22.9,8.35,20,,,
2014,6,4,155,LS,5.88,20.9,8.62,100,,,
2014,6,4,155,P27,8.19,21.4,8.83,,,,
2014,6,4,155,SI,5.38,26.2,8.47,100,,,
2014,6,18,169,DC,7.81,21.2,8.79,100,,,
2014,6,18,169,FP,5.82,21.9,8.76,,,,
2014,6,18,169,GC,4.79,21.2,8.48,25,,,
2014,6,18,169,LS,5.94,22.3,8.67,100,,,
2014,6,18,169,P27,7.34,23.4,8.99,100,,,
2014,6,18,169,SI,5.09,24.7,8.29,100,,,
2014,7,3,184,DC,7.15,22.1,8.79,100,,,
2014,7,3,184,FP,7.07,23.6,9.04,,,,
2014,7,3,184,GC,5.29,22.5,8.51,17,,,
2014,7,3,184,LS,6.2,23.6,8.95,100,,,
2014,7,3,184,P27,6.54,22.4,9.09,100,,,
2014,7,3,184,SI,5.81,22.8,8.71,100,,,
2014,7,16,197,DC,10.25,20.5,8.72,100,,,
2014,7,16,197,FP,8.7,20.9,9.16,100,,,
2014,7,16,197,GC,7.33,20.7,8.72,15,,,
2014,7,16,197,LS,7.46,24.4,8.68,100,,,
2014,7,16,197,P27,10.3,20.1,9.19,100,,,
2014,7,16,197,SI,8.35,23.5,8.92,100,,,
2014,7,30,211,DC,8.35,20.7,8.26,70,,,
2014,7,30,211,FP,6.37,22.2,9.02,100,,,
2014,7,30,211,GC,7.78,20.6,8.65,15,,,
2014,7,30,211,LS,6.21,22.4,8.73,100,,,
2014,7,30,211,P27,6.66,22.2,9.08,100,,,
2014,7,30,211,SI,6.61,24.2,8.96,100,,,
2014,8,13,225,DC,14.9,23.3,8.82,100,,,
2014,8,13,225,FP,16.8,22.8,8.97,100,,,
2014,8,13,225,GC,12.66,23.2,8.27,10,,,
2014,8,13,225,LS,16.05,23.3,8.76,100,,,
2014,8,13,225,P27,13.09,22.6,8.96,100,,,
2014,8,13,225,SI,14.01,23.6,8.84,100,,,
2014,8,27,239,DC,20.82,23.4,8.65,100,,,
2014,8,27,239,FP,16.22,24.1,8.83,100,,,
2014,8,27,239,GC,15.23,25.8,8.25,10,,,
2014,8,27,239,LS,13.54,26.7,8.71,100,,,
2014,8,27,239,P27,17.23,24.8,9,100,,,
2014,8,27,239,SI,13.05,32.1,9.05,100,,,
2014,9,20,263,DC,10.66,21.3,9.13,100,,,
2014,9,20,263,FP,7.93,21.4,8.56,50,,,
2014,9,20,263,GC,9.32,21.2,8.66,10,,,
2014,9,20,263,LS,8.19,21.1,8.89,,,,
2014,9,20,263,P27,8.34,22.1,8.78,100,,,
2014,9,20,263,SI,8.38,21.9,8.46,100,,,
2014,10,4,277,DC,15.07,15.1,8.64,100,,,
2014,10,4,277,GC,15.38,14.9,8.47,10,,,
2014,10,4,277,P27,14.71,15.1,8.8,100,,,
2014,10,4,277,SI,11.18,15.1,8.2,100,,,
2014,10,18,291,DC,,14.1,7.96,100,,,
2014,10,18,291,FP,,14.2,8.5,100,,,
2014,10,18,291,GC,,13.2,8.24,30,,,
2014,10,18,291,LS,,14.3,8.46,100,,,
2014,10,18,291,P27,,14.4,8.6,30,,,
2014,10,18,291,SI,,14.4,8.33,60,,,
2014,10,30,303,DC,7.7,12.8,8.4,100,,,
2014,10,30,303,FP,9.59,12.2,8.55,100,,,
2014,10,30,303,GC,8.4,9,8.6,40,,,
2014,10,30,303,LS,10.93,11.7,8.95,100,,,
2014,10,30,303,P27,9.9,13.1,8.81,100,,,
2014,10,30,303,SI,9.59,12.3,6.81,100,,,
2015,4,29,119,DC,12.36,13.8,8.54,80,,,
2015,4,29,119,FP,10.1,12.8,8.34,100,,,
2015,4,29,119,GC,7.99,14.3,8.33,20,,,
2015,4,29,119,LS,9.51,15.8,8.36,100,,,
2015,4,29,119,P27,15.75,15.6,9.04,90,,,
2015,4,29,119,SI,10.04,15.9,8.43,100,,,
2015,5,13,133,DC,,11.2,8.25,75,,,
2015,5,13,133,GC,5.99,13.5,8.53,20,,,
2015,5,13,133,SI,8.42,13.1,8.21,100,,,
2015,5,14,134,FP,9.8,13.4,8.46,100,,,
2015,5,14,134,LS,9.75,16.1,8.51,100,,,
2015,5,14,134,P27,11.28,14.5,8.76,100,,,
2015,5,27,147,DC,10.56,22.7,8.54,100,,,
2015,5,27,147,FP,9.22,19.9,8.51,100,,,
2015,5,27,147,GC,5.69,22.4,8.22,70,,,
2015,5,27,147,LS,8.33,19.8,8.57,100,,,
2015,5,27,147,P27,9.96,20.4,8.66,100,,,
2015,5,27,147,SI,5.61,20.9,7.91,100,,,
2015,6,10,161,DC,13.25,23.2,9.02,100,,,
2015,6,10,161,FP,9.74,20.1,8.68,100,,,
2015,6,10,161,GC,3.82,20.4,7.93,15,,,
2015,6,10,161,LS,9.02,19.1,8.38,90,,,
2015,6,10,161,P27,9.7,21.5,8.64,100,,,
2015,6,10,161,SI,6.59,22.1,8.07,100,,,
2015,6,24,175,DC,9.1,21.8,8.84,100,,,
2015,6,24,175,GC,8.21,19.9,8.52,40,,,
2015,6,24,175,LS,10.1,22.1,8.81,100,,,
2015,6,24,175,SI,9.25,23.7,8.67,100,,,
2015,7,8,189,DC,9.56,20.3,8.81,50,,,
2015,7,8,189,GC,6.44,19.6,8.58,60,,,
2015,7,8,189,LS,9.06,20.4,8.74,100,,,
2015,7,8,189,P27,13.26,23.4,9.04,100,,,
2015,7,8,189,SI,8.31,22.7,8.6,100,,,
2015,7,22,203,DC,7.95,22,8.84,100,,,
2015,7,22,203,FP,11.05,24.7,9.02,100,,,
2015,7,22,203,GC,9.17,22.2,8.62,40,,,
2015,7,22,203,LS,7.25,21.9,8.26,100,,,
2015,7,22,203,SI,8.75,25,8.88,100,,,
2015,8,5,217,DC,5.68,22.4,7.78,100,,,
2015,8,5,217,FP,10.87,23.2,8.88,100,,,
2015,8,5,217,GC,9.03,21.7,8.26,30,,,
2015,8,5,217,LS,8.66,22.2,8.49,100,,,
2015,8,5,217,P27,9.78,23.2,9.04,100,,,
2015,8,5,217,SI,8.73,23,8.71,100,,,
2015,8,7,219,DC,10.2,23.5,8.81,,665,,
2015,8,7,219,FP,10.6,22.2,9.04,100,663,,
2015,8,7,219,GC,10.56,23.2,8.73,110,656,,
2015,8,7,219,LS,9.61,23.1,8.82,,661,,
2015,8,7,219,P27,11.7,22.2,9.04,100,665,,
2015,8,19,231,DC,8.85,24.2,8.32,50,,,
2015,8,19,231,FP,9.77,24.5,8.62,100,,,
2015,8,19,231,GC,6.96,24.9,8.25,30,,,
2015,8,19,231,LS,9.2,27,8.88,100,,,
2015,8,19,231,P27,11.28,,8.98,100,,,
2015,8,19,231,SI,6.42,25,8.53,,,,
2015,9,2,245,DC,0.3,22.9,8.81,,616,,
2015,9,2,245,FP,7.6,23.7,9.39,,584,,
2015,9,2,245,GC,6.5,24.5,8.99,39,628,,
2015,9,2,245,LS,5.22,23.4,8.89,,631,,
2015,9,2,245,P27,6.62,24,9.27,,575,,
2015,9,4,247,DC,6.49,24.2,7.8,90,,,
2015,9,4,247,FP,6.96,22.6,8.66,100,,,
2015,9,4,247,GC,5.52,23.6,8.5,35,,,
2015,9,4,247,LS,7.55,24.5,8.48,100,,,
2015,9,4,247,P27,10.61,24.7,9.43,100,,,
2015,9,4,247,SI,7.85,24.1,8.85,45,,,
2015,9,15,258,DC,7.4,19.5,8.11,100,,,
2015,9,15,258,FP,7.98,21.3,8.48,100,,,
2015,9,15,258,GC,5.42,18.3,7.9,45,,,
2015,9,15,258,LS,7.1,20.2,8.06,100,,,
2015,9,15,258,P27,8.95,21.5,8.35,100,,,
2015,9,15,258,SI,7.17,21,8.16,100,,,
2015,9,29,272,DC,5.46,19.6,8.36,100,,,
2015,9,29,272,FP,9.43,20.4,9.07,50,,,
2015,9,29,272,GC,7.19,20.3,8.18,40,,,
2015,9,29,272,LS,6.4,19.7,8.7,100,,,
2015,9,29,272,P27,9.23,20.6,8.7,100,,,
2015,9,29,272,SI,6.57,21.4,8.02,50,,,
2015,10,20,293,DC,,13.8,8.04,100,,,
2015,10,20,293,FP,9.3,13.6,8.11,100,,,
2015,10,20,293,GC,8.85,11.7,8.02,60,,,
2015,10,20,293,LS,8.61,13.2,8.1,90,,,
2015,10,20,293,P27,9.68,14.4,8.4,100,,,
2015,10,20,293,SI,6.51,13.7,7.85,100,,,
2015,11,3,307,DC,8.79,12.7,8.16,100,,,
2015,11,3,307,FP,9.02,13.3,8.02,100,,,
2015,11,3,307,GC,8.61,11.8,7.8,80,,,
2015,11,3,307,LS,8.53,13.1,7.89,100,,,
2015,11,3,307,P27,8.52,14,8.03,100,,,
2015,11,3,307,SI,7.53,13.7,7.89,100,,,
2016,5,17,138,DC,8.75,11.1,8.1,100,,,
2016,5,17,138,FP,10.2,13.6,8.43,100,,,
2016,5,17,138,GC,8.59,12.2,8.18,30,,,
2016,5,17,138,LS,8.7,11.6,8.11,100,,,
2016,5,17,138,P27,10.05,,8.35,100,,,
2016,5,17,138,SI,9.78,14.8,8.38,100,,,
2016,5,31,152,DC,8.74,20.9,8.6,100,,,
2016,5,31,152,FP,11.25,21.9,8.75,,,,
2016,5,31,152,GC,8.43,22.4,8.05,35,,,
2016,5,31,152,LS,12.23,21.2,8.71,100,,,
2016,5,31,152,P27,8.68,22.3,8.64,100,,,
2016,5,31,152,SI,8.25,20.4,7.69,,,,
2016,6,14,166,DC,8.15,17.2,8.3,60,,,
2016,6,14,166,FP,8.31,18.4,8.65,,,,
2016,6,14,166,GC,7.96,17.4,8.3,70,,,
2016,6,14,166,LS,8.88,17,8.62,100,,,
2016,6,14,166,P27,9.92,19.2,8.9,100,,,
2016,6,14,166,SI,8.15,19.4,8.68,,,,
2016,6,28,180,DC,15.1,20.4,8.17,100,,,
2016,6,28,180,FP,,21.7,8.4,,,,
2016,6,28,180,GC,,22,8.05,30,,,
2016,6,28,180,LS,,21.3,8.1,100,,,
2016,6,28,180,P27,,22.3,8.62,100,,,
2016,6,28,180,SI,,21.6,8.05,,,,
2016,7,12,194,DC,,23.3,8.81,100,,,
2016,7,12,194,FP,,22.1,9.3,,,,
2016,7,12,194,GC,,23.3,8.93,30,,,
2016,7,12,194,LS,,23.9,9,100,,,
2016,7,12,194,P27,,23.8,9.36,100,,,
2016,7,12,194,SI,,23.9,9.02,,,,
2016,7,26,208,FP,6.67,23.6,8.08,,,,
2016,7,26,208,GC,5.43,22.5,7.58,40,,,
2016,7,26,208,LS,5.44,23,7.75,100,,,
2016,7,26,208,P27,7.71,24.4,7.94,100,,,
2016,7,26,208,SI,5.73,25,7.75,,,,
2016,8,9,222,DC,9.53,24.8,7,100,,,
2016,8,9,222,FP,9.19,24.7,7.23,100,,,
2016,8,9,222,GC,7.47,23.4,7.37,25,,,
2016,8,9,222,LS,8.2,24.8,7.51,100,,,
2016,8,9,222,P27,11.41,25.1,7.53,,,,
2016,8,9,222,SI,11.71,25.1,9.05,,,,
2016,8,23,236,DC,6.62,22.5,8.18,60,,,
2016,8,23,236,FP,6.88,22.5,9.24,,,,
2016,8,23,236,GC,5.68,20.8,8.55,40,,,
2016,8,23,236,LS,6.02,22.8,8.62,100,,,
2016,8,23,236,P27,8.88,24.3,9.37,100,,,
2016,8,23,236,SI,6.08,23.4,8.87,,,,
2016,9,10,254,DC,9.2,25.5,8.2,90,,,
2016,9,10,254,FP,7.83,24.4,7.88,,,,
2016,9,10,254,GC,4.28,23.5,8.31,50,,,
2016,9,10,254,LS,6.69,23.9,9.02,100,,,
2016,9,10,254,P27,8.72,25,7.9,100,,,
2016,9,10,254,SI,5.44,24.6,7.78,,,,
2016,10,1,275,DC,7.58,,,100,,,
2016,10,1,275,FP,8.36,17,6.7,80,,,
2016,10,1,275,GC,6.82,,8.07,40,,,
2016,10,1,275,LS,7.76,17.3,8.21,100,,,
2016,10,1,275,P27,8.12,17.5,8.61,100,,,
2016,10,1,275,SI,7.33,18.1,8.4,,,,
2016,10,22,296,DC,6.8,15.4,,100,,,
2016,10,22,296,FP,8.42,12.9,8.3,,,,
2016,10,22,296,GC,6.77,16.2,10.4,40,,,
2016,10,22,296,LS,7.02,16.4,8.15,100,,,
2016,10,22,296,P27,8.6,15.2,8.53,,,,
2016,10,22,296,SI,7.34,15.9,8.4,,,,
2016,11,5,310,DC,7.1,12.8,8.6,90,,,
2016,11,5,310,FP,8.55,13.9,8.5,,,,
2016,11,5,310,GC,7.5,8.4,8.31,20,,,
2016,11,5,310,LS,8.6,12.5,8.4,100,,,
2016,11,5,310,P27,9.33,14.5,8.58,80,,,
2016,11,5,310,SI,7.86,13.2,8.42,,,,
2017,4,13,103,DC,11.52,,7.62,100,,,
2017,4,13,103,GC,7.15,11.3,7.72,15,,,
2017,4,13,103,LS,12.45,8.2,8.18,100,,,
2017,4,13,103,SI,12.76,8,8.12,100,,,
2017,5,3,123,GC,7.57,9.3,8.17,10,641,455,282
2017,5,3,123,SI,8.35,10.7,8.25,100,777,551,346
2017,5,4,124,FP,7.61,10,8.07,90,780,559,347
2017,5,4,124,LS,8.42,10.2,8.09,80,783,556,348
2017,5,4,124,P27,7.51,10.5,7.95,80,830,589,370
2017,5,17,137,FP,9.5,13.7,8.3,,818,581,366
2017,5,17,137,GC,9.52,14.8,8.35,30,771,545,348
2017,5,17,137,LS,11.93,13.8,8.65,10,768,544,344
2017,5,17,137,P27,10.01,13.7,8,,878,624,400
2017,5,17,137,SI,11.02,14,8.2,100,765,543,343
2017,5,31,151,FP,9.87,16.5,8.44,100,775,550,352
2017,5,31,151,GC,8.76,16.9,8.43,30,756,537,343
2017,5,31,151,LS,9.84,16.1,8.44,90,765,543,347
2017,5,31,151,P27,9.29,17.4,8.3,,785,558,358
2017,5,31,151,SI,8.48,15.6,8.17,100,765,543,347
2017,6,14,165,FP,9.57,19.3,8.38,100,754,537,345
2017,6,14,165,GC,9.95,20.9,8.63,60,766,542,350
2017,6,14,165,LS,11.13,20.4,8.77,100,757,538,345
2017,6,14,165,P27,10.7,19.9,8.62,100,767,544,351
2017,6,14,165,SI,9.64,19.8,8.57,100,748,531,342
2017,6,29,180,FP,9.14,20.5,8.53,100,736,520,337
2017,6,29,180,GC,4.83,19.4,8.03,55,720,513,330
2017,6,29,180,LS,7.68,19.5,8.18,100,717,509,327
2017,6,29,180,P27,8.2,20.7,8.4,100,741,526,339
2017,6,29,180,SI,7.43,19.5,8.09,100,705,500,321
2017,7,11,192,FP,9.34,23.3,8.85,80,698,495,319
2017,7,11,192,GC,9.14,24.9,8.69,40,715,506,327
2017,7,11,192,LS,10.5,24.7,8.89,100,689,488,315
2017,7,11,192,P27,9.75,22.8,8.78,70,709,503,324
2017,7,11,192,SI,8.49,23.4,8.51,100,687,489,314
2017,7,26,207,FP,9.53,22,8.74,90,636,452,290
2017,7,26,207,GC,8.08,22,8.5,25,688,489,315
2017,7,26,207,LS,8.96,22.5,8.67,100,648,460,296
2017,7,26,207,P27,10,22.2,8.92,100,643,456,293
2017,7,26,207,SI,8.37,22.5,8.6,100,651,463,298
2017,8,9,221,FP,11.72,22.8,9.13,100,620,440,283
2017,8,9,221,GC,10.14,21.4,8.76,30,687,488,314
2017,8,9,221,LS,6.29,22.3,8.07,100,627,445,285
2017,8,9,221,P27,14.02,23.7,9.31,100,613,436,281
2017,8,9,221,SI,12.66,23.9,9.07,100,617,438,282
2017,8,23,235,DC,8.22,20.6,8.36,100,568,403,258
2017,8,23,235,FP,9.39,22,8.86,100,592,422,270
2017,8,23,235,GC,6.01,19.5,7.88,63,640,454,291
2017,8,23,235,LS,9.09,21.3,8.46,100,589,420,268
2017,8,23,235,P27,9.88,22.9,8.79,100,593,423,272
2017,8,23,235,SI,6.53,22.2,7.91,100,598,425,273
2017,9,7,250,DC,8.37,18.1,8.31,100,577,411,261
2017,9,7,250,FP,9.84,18.9,8.61,70,588,415,265
2017,9,7,250,GC,9.05,18.1,8.2,30,630,447,285
2017,9,7,250,LS,7.32,18.3,8.05,100,574,308,260
2017,9,7,250,P27,9.47,19.9,8.46,100,600,426,273
2017,9,7,250,SI,8.28,19.3,8.3,100,561,397,253
2017,9,21,264,DC,9.12,22,8.18,100,559,397,255
2017,9,21,264,FP,10.7,21.1,8.57,100,552,392,251
2017,9,21,264,GC,7,22.5,7.81,40,645,456,293
2017,9,21,264,LS,9.33,21.8,8.3,100,555,393,252
2017,9,21,264,P27,14.1,22.8,9.03,0,543,386,247
2017,9,21,264,SI,10.48,23,8.65,100,540.7,388,250
2017,10,5,278,DC,6.12,17.1,7.82,100,546,387,246
2017,10,5,278,FP,7.77,17.9,7.75,100,525,398,253
2017,10,5,278,GC,7.01,17.5,7.8,25,578,410,261
2017,10,5,278,LS,4.72,17.9,7.68,100,554,393,250
2017,10,5,278,P27,9.03,19.3,8.29,100,564,400,256
2017,10,5,278,SI,6.92,19.5,7.9,100,558,396,253
2017,10,20,293,DC,,14.2,7.9,100,552,392,298
2017,10,20,293,FP,,17.3,8.18,100,539,381,239
2017,10,20,293,GC,,13.9,8.2,30,631,444,279
2017,10,20,293,LS,,15.3,7.78,100,542,384,242
2017,10,20,293,P27,,16.4,8.29,100,554,393,249
2017,10,20,293,SI,,16.1,8.26,100,545,388,245
2018,4,25,115,DC,10.52,9.9,8.17,100,790,561,390
2018,4,25,115,FP,12.3,6.5,8.25,90,887,629,387
2018,4,25,115,GC,8.88,10.9,8.13,,774,549,344
2018,4,25,115,LS,12.37,7.1,8.48,100,855,606,371
2018,4,25,115,P27,12.09,6.7,8.58,65,905,640,396
2018,4,25,115,SI,11.2,6.1,8.1,100,849,599,369
2018,5,9,129,DC,13.7,14.8,8.61,60,829,595,380
2018,5,9,129,FP,12.43,10.4,8.63,100,842,597,375
2018,5,9,129,GC,9.33,16.2,8.55,40,845,600,386
2018,5,9,129,LS,14.88,13.6,8.79,100,828,590,375
2018,5,9,129,P27,11.8,11.4,8.41,100,866,613,386
2018,5,9,129,SI,14.34,14.4,8.81,65,825,585,373
2018,5,23,143,DC,10.39,17.2,8.53,70,836,593,381
2018,5,23,143,FP,12.14,15,8.74,100,818,432,370
2018,5,23,143,GC,9.33,17.8,8.56,30,887,630,406
2018,5,23,143,LS,12.27,16.6,8.81,100,820,582,372
2018,5,23,143,P27,13.53,16.2,8.85,100,869,612,394
2018,5,23,143,SI,12.42,17.5,8.6,100,822,583,374
2018,6,6,157,DC,7.97,17.2,8.9,100,800,575,368
2018,6,6,157,FP,9.63,18,8.63,100,812,576,372
2018,6,6,157,GC,5.38,16.7,7.96,30,865,616,394
2018,6,6,157,LS,9.72,17.9,8.67,100,807,573,368
2018,6,6,157,P27,10.22,18.3,8.7,100,821,583,374
2018,6,6,157,SI,7.91,18.4,8.12,70,822,584,375
2018,6,20,171,DC,6.41,21.7,7.84,60,868,616,399
2018,6,20,171,FP,9.5,21.3,8.28,100,833,595,383
2018,6,20,171,GC,8.85,21.3,8.14,35,843,598,386
2018,6,20,171,LS,9.47,21.2,8.39,100,823,584,369
2018,6,20,171,P27,10.94,21.2,8.73,100,835,598,388
2018,6,20,171,SI,8.85,22.3,8.11,50,828,587,380
2018,6,29,180,DC,7.47,20.7,8.24,80,814,584,378
2018,6,29,180,FP,9.07,23.8,8.5,100,811,591,374
2018,6,29,180,GC,9.89,23.2,8.4,25,825,584,378
2018,6,29,180,LS,9.01,22.5,8.26,100,811,575,372
2018,6,29,180,P27,14.58,24.7,8.86,65,802,572,370
2018,6,29,180,SI,8.3,25.3,8.16,100,809,572,363
2018,7,12,193,DC,11.43,25.3,8.91,100,768,545,352
2018,7,12,193,FP,12.17,25.6,8.91,100,775,548,355
2018,7,12,193,GC,12.68,25.1,8.69,33,767,544,352
2018,7,12,193,LS,10.03,25.6,8.78,100,788,566,365
2018,7,12,193,P27,16.9,25.1,9.39,60,764,545,353
2018,7,12,193,SI,11.06,26,8.84,100,776,550,357
2018,7,25,206,DC,6.64,24.1,8.73,70,773,536,349
2018,7,25,206,FP,9.99,25.6,8.87,100,725,516,335
2018,7,25,206,GC,8.04,26.1,8.36,30,811,575,373
2018,7,25,206,LS,8.14,25.3,8.6,100,765,541,353
2018,7,25,206,P27,15.17,25.8,9.42,100,695,494,318
2018,7,25,206,SI,9.34,25.8,8.56,100,742,527,340
2018,8,8,220,DC,8.74,24.9,8.6,45,773,507,326
2018,8,8,220,FP,8.01,26,8.85,100,699,494,320
2018,8,8,220,GC,5.72,25.4,8.12,30,741,527,340
2018,8,8,220,LS,9.76,25.9,8.78,70,708,502,325
2018,8,8,220,P27,11.98,25.9,9.08,100,731,515,333
2018,8,8,220,SI,8.01,26.1,8.79,50,699,495,320
2018,8,24,236,DC,7.13,21.7,8.52,72,666,472,304
2018,8,24,236,FP,9.45,22.6,9.09,71,658,466,299
2018,8,24,236,GC,8.55,21.9,8.41,20,757,536,345
2018,8,24,236,LS,6.87,22.9,8.31,100,,478,307
2018,8,24,236,P27,12.06,23.6,9.4,90,678,482,311
2018,8,24,236,SI,8.94,24.5,8.94,70,668,478,307
2018,9,7,250,DC,11.1,23.4,9.19,45,624,444,285
2018,9,7,250,FP,9.39,24.2,8.58,100,660,468,301
2018,9,7,250,GC,9.4,22.8,8.75,30,666,471,303
2018,9,7,250,LS,12.11,24.6,8.96,100,622,441,283
2018,9,7,250,P27,10.49,24.5,8.81,100,679,482,311
2018,9,19,262,DC,12.36,24.1,9.3,20,590,418,268
2018,9,19,262,FP,17.69,23.6,9.41,60,563,402,256
2018,9,19,262,GC,13.04,23.5,8.82,18,630,448,288
2018,9,19,262,LS,17.93,24.5,9.36,50,555,396,254
2018,9,19,262,P27,11.7,22.7,8.93,43,640,450,288
2018,9,19,262,SI,11.4,24.1,8.54,0,585,412,263
2018,10,5,278,DC,8.83,16.9,8.28,80,626,447,283
2018,10,5,278,FP,8.94,16.6,8.46,60,624,444,280
2018,10,5,278,GC,10.78,15.5,8.76,35,756,540,343
2018,10,5,278,LS,8.29,16.3,8.29,60,630,450,282
2018,10,5,278,P27,9.35,16.8,8.52,60,663,470,298
2018,10,5,278,SI,7.43,16.8,8.15,60,614,438,277
2018,10,17,290,DC,10.12,14,8.48,80,663,470,296
2018,10,17,290,FP,9.85,13.8,8.77,40,637,453,286
2018,10,17,290,GC,13,10.2,9.3,30,880,608,393
2018,10,17,290,LS,10.78,13.7,9.04,50,647,452,290
2018,10,17,290,P27,10.28,13.8,8.8,60,673,469,295
2018,10,17,290,SI,8.73,14.2,8.45,50,639,455,286
2018,10,31,304,DC,9.07,12.1,8.11,100,639,455,282
2018,10,31,304,FP,10.05,12,8.65,60,659,467,291
2018,10,31,304,GC,10.1,10.8,8.42,30,838,596,370
2018,10,31,304,LS,9.24,11.5,8.51,100,648,460,285
2018,10,31,304,P27,9.96,12.2,8.71,60,704,500,312
2018,10,31,304,SI,8.82,11.8,8.18,,639,453,281
2019,5,8,128,DC,10.14,12,8.7,30,846,591,366
2019,5,22,142,DC,11.63,13.1,8.56,32,806,572,385
2019,6,5,156,DC,,,,,,,
2019,6,19,170,DC,,,,,,,
2019,7,3,184,DC,,,,,,,
2019,7,18,199,DC,8.56,,5.22,90,746,526,363
2019,7,31,212,DC,9.39,23.3,7.97,60,776,551,359
2019,8,15,227,DC,10.02,22.8,,60,,,
2019,8,29,241,DC,9.37,22.5,8.54,50,892,635,450
2019,9,14,257,DC,7.9,19.2,8.4,60,625,445,310
2019,9,28,271,DC,8.42,19.4,8.33,70,584,412,290
2019,10,16,289,DC,9.04,15.4,8.27,100,554,395,280
2019,11,2,306,DC,9.24,12.1,8.2,100,569,375,270
2019,11,16,320,DC,,,,,,,
2019,5,8,128,GC,10.89,10.4,9,28,835,592,369
2019,5,22,142,GC,9.82,14.5,8.32,30,814,578,390
2019,6,5,156,GC,,,,,,,
2019,6,19,170,GC,,,,,,,
2019,7,3,184,GC,,,,,,,
2019,7,18,199,GC,12.02,24.5,,70,734,521,357
2019,7,31,212,GC,8.69,22.8,7.95,30,791,565,364
2019,8,15,227,GC,10.43,22.6,,40,,,
2019,8,29,241,GC,7.81,22,8.21,25,746,518,370
2019,9,14,257,GC,7.69,19.2,8.91,40,716,508,360
2019,9,28,271,GC,7.31,19.1,8.36,20,661,469,330
2019,10,16,289,GC,10.4,13.3,8.51,35,650,465,330
2019,11,2,306,GC,10.18,7.5,8.26,30,669,474,330
2019,11,16,320,GC,,,,,,,
2019,5,8,128,LS,12.77,9.7,8.88,100,882,622,392
2019,5,22,142,LS,12.23,12.6,8.51,90,832,590,398
2019,6,5,156,LS,10.45,14,8.57,130,798,566,382
2019,6,19,170,LS,12.17,20.4,8.55,140,798,574,392
2019,7,3,184,LS,10.45,24.1,7.73,130,787,560,384
2019,7,18,199,LS,10.75,24.5,,70,734,520,357
2019,7,31,212,LS,11.26,23.4,8.33,71,733,520,334
2019,8,15,227,LS,,22,,100,,,
2019,8,29,241,LS,9.17,22,8.19,150,616,455,284
2019,9,14,257,LS,9.19,19,8.48,80,610,429,320
2019,9,28,271,LS,8.8,19.3,8.43,70,586,415,290
2019,10,16,289,LS,9.05,14.4,8.15,100,519,415,290
2019,11,2,306,LS,,,,,,,
2019,11,16,320,LS,10.72,7.2,8.17,60,628,443,320
2019,5,8,128,FP,11.46,9.9,8.5,95,960,685,428
2019,5,22,142,FP,11.37,11.3,8.24,30,809,574,383
2019,6,5,156,FP,10.08,15.5,8.55,100,816,579,392
2019,6,19,170,FP,11.74,17.9,7.44,100,809,573,392
2019,7,3,184,FP,11.07,23,7.9,100,777,552,380
2019,7,18,199,FP,10.5,23.3,,80,741,527,355
2019,7,31,212,FP,12.36,23.5,8.57,100,734,518,336
2019,8,15,227,FP,10.69,20.4,,100,,,
2019,8,29,241,FP,9.62,22.6,7.26,100,622,442,284
2019,9,14,257,FP,9.35,18.5,8.31,,608,428,300
2019,9,28,271,FP,9.03,20.1,8.45,,662,395,330
2019,10,16,289,FP,8.63,14.7,8,50,868,598,420
2019,11,2,306,FP,,,,,,,
2019,11,16,320,FP,12.03,6.4,8.33,40,679,491,340
2019,5,8,128,P27,12.6,10.5,8.54,100,944,672,423
2019,5,22,142,P27,12.47,12,8.43,105,829,589,394
2019,6,5,156,P27,10.62,15.3,8.42,85,815,578,392
2019,6,19,170,P27,14,18.3,7.55,100,805,571,389
2019,7,3,184,P27,12.88,23.2,8.2,100,779,553,379
2019,7,18,199,P27,13.02,24,,100,745,528,362
2019,7,31,212,P27,12.94,23.9,8.69,100,735,521,337
2019,8,15,227,P27,12.96,21.6,,100,,,
2019,8,29,241,P27,11.5,22.3,9.35,100,622,441,282
2019,9,14,257,P27,9.7,19.3,8.59,20,619,439,310
2019,9,28,271,P27,9.27,20.1,8.57,50,644,457,370
2019,10,16,289,P27,10.08,14.8,8.54,50,704,500,350
2019,11,2,306,P27,,,,,,,
2019,11,16,320,P27,12.58,5.1,8.33,30,667,482,340
2019,5,8,128,SI,12.29,11.5,8.8,35,852,607,382
2019,5,22,142,SI,12.42,11.8,8.52,100,819,581,390
2019,6,5,156,SI,8.93,15.3,7.98,100,722,512,348
2019,6,19,170,SI,12.29,20.5,7.48,100,790,560,384
2019,7,3,184,SI,11.27,26.3,8.18,100,778,553,380
2019,7,18,199,SI,10.78,25.6,,70,726,517,354
2019,7,31,212,SI,12.28,25.2,8.46,100,725,514,330
2019,8,15,227,SI,10.14,21.5,,100,,,
2019,8,29,241,SI,11.21,23.1,9.47,80,636,452,286
2019,9,14,257,SI,9.25,19.2,8.18,60,609,434,290
2019,9,28,271,SI,8.04,19.2,7.92,50,601,427,300
2019,10,16,289,SI,8.53,14.7,7.94,55,599,423,310
2019,11,2,306,SI,,,,,,,
2019,11,16,320,SI,11.52,6.9,8.09,60,623,442,310
2020,5,20,140,DC,,,,,,,
2020,6,3,154,DC,13.24,21.7,8.42,100,828,590,390.4454982
2020,6,11,162,DC,,,,,,,
2020,6,17,168,DC,12.15,20.2,8.57,70,815,584,410.4683442
2020,6,30,181,DC,11,25,8.52,30,830,588,420.4797673
2020,7,15,196,DC,,,8.81,100,716,504,350.3998061
2020,7,29,210,DC,10.11,23,8.48,70,830,590,410.4683442
2020,8,13,225,DC,13.31,24.6,8.78,100,615,432,300.3426909
2020,8,26,238,DC,10.41,21.1,8.65,100,549,390,280.3198448
2020,9,10,253,DC,9.52,18.9,8.38,50,510,363,260.2969988
2020,9,24,267,DC,7.5,17,8.09,55,519,363,260.2969988
2020,10,15,288,DC,9.12,14.7,8.62,100,441,304,210.2398836
2020,10,29,302,DC,9.73,12.2,8.27,100,547,391,470.5368824
2020,5,20,140,GC,10.95,11.3,8.54,35,798,594,420.4797673
2020,6,3,154,GC,11.06,20.2,8.25,30,831,591,420.4797673
2020,6,11,162,GC,,,,,,,
2020,6,17,168,GC,10.17,20.5,8.33,20,820,581,410.4683442
2020,6,30,181,GC,10.82,24.4,8.53,20,778,548,390.4454982
2020,7,15,196,GC,14.25,24.8,8.59,25,660,475,340.388383
2020,7,29,210,GC,8.68,23,8.25,30,665,473,330.37696
2020,8,13,225,GC,12.33,24.9,8.78,30,618,440,310.3541139
2020,8,26,238,GC,5.59,21,7.94,10,620,440,320.365537
2020,9,10,253,GC,10.91,18.6,8.65,25,611,434,310.3541139
2020,9,24,267,GC,11.24,18.1,8.47,40,606,441,300.3426909
2020,10,15,288,GC,9.82,14.4,8.49,40,625,451,300.3426909
2020,10,29,302,GC,10.96,8.9,8.42,40,689,490,350.3998061
2020,5,20,140,LS,12.54,10.6,8.35,55,778,553,390.4454982
2020,6,3,154,LS,12.77,18,8.49,80,731,524,370.4226521
2020,6,11,162,LS,,,,,,,
2020,6,17,168,LS,13.13,19.7,8.73,100,735,524,370.4226521
2020,6,30,181,LS,15.07,24.2,8.83,100,749,531,380.4340751
2020,7,15,196,LS,12.85,24.9,8.72,100,689,490,340.388383
2020,7,29,210,LS,9.41,24,8.34,100,689,487,310.3541139
2020,8,13,225,LS,16.42,25.1,9.04,100,589,419,290.3312679
2020,8,26,238,LS,11.83,22.4,8.81,100,573,409,290.3312679
2020,9,10,253,LS,8.17,19.2,8.25,100,541,377,270.3084218
2020,9,24,267,LS,9.68,17.2,8.33,100,554,394,280.3198448
2020,10,15,288,LS,8.55,14.6,8.36,100,576,408,290.3312679
2020,10,29,302,LS,9.43,11.8,8.06,100,552,392,270.3084218
2020,5,20,140,FP,11.07,10.3,8.26,70,785,563,380.4340751
2020,6,3,154,FP,14.03,20.1,8.71,70,760,577,340.388383
2020,6,11,162,FP,,,,,,,
2020,6,17,168,FP,10.26,18.4,8.22,100,779,584,400.4569212
2020,6,30,181,FP,16.59,22.3,8.83,100,727,517,360.4112291
2020,7,15,196,FP,11.31,24.4,8.8,100,695,492,350.3998061
2020,7,29,210,FP,10.87,24.3,8.8,100,660,471,330.37696
2020,8,13,225,FP,19.18,23,9.15,86,585,415,290.3312679
2020,8,26,238,FP,12.6,23.3,9.06,50,573,406,290.3312679
2020,9,10,253,FP,8.65,18.8,8.35,100,548,388,270.3084218
2020,9,24,267,FP,11.84,17.9,8.77,60,539,385,270.3084218
2020,10,15,288,FP,11.46,14.4,8.36,,564,400,280.3198448
2020,10,29,302,FP,10.15,12,8.12,50,583,414,290.3312679
2020,5,20,140,P27,17.1,11.8,8.63,35,797,568,400.4569212
2020,6,3,154,P27,,,,,,,
2020,6,11,162,P27,11.72,19.6,8.57,,769,549,390.4454982
2020,6,17,168,P27,19.87,20.4,9.01,100,705,504,360.4112291
2020,6,30,181,P27,22.1,23.3,9.1,100,702,504,350.3998061
2020,7,15,196,P27,20.26,25.8,9.32,100,,471,310.3541139
2020,7,29,210,P27,13.62,24.8,9.21,100,652,465,330.37696
2020,8,13,225,P27,20.47,24.1,9.44,100,576,407,290.3312679
2020,8,26,238,P27,14.81,23.5,9.51,100,564,409,280.3198448
2020,9,10,253,P27,12.48,19,8.97,100,537,381,270.3084218
2020,9,24,267,P27,14.75,19.2,9.18,30,540,385,260.2969988
2020,10,15,288,P27,11.46,14.2,8.37,30,572,406,280.3198448
2020,10,29,302,P27,16.76,11.9,8.92,30,616,437,310.3541139
2020,5,20,140,SI,13.62,13.6,8.4,70,798,568,400.4569212
2020,6,3,154,SI,8.9,18.4,8.12,100,768,528,0
2020,6,11,162,SI,,,,,,,
2020,6,17,168,SI,11.85,22,8.34,100,698,498,360.4112291
2020,6,30,181,SI,13.08,25.6,8.58,100,740,524,370.4226521
2020,7,15,196,SI,12.3,25.6,8.64,100,622,491,340.388383
2020,7,29,210,SI,13.05,24.5,8.07,100,675,480,340.388383
2020,8,13,225,SI,10.9,25.7,8.84,45,581,434,310.3541139
2020,8,26,238,SI,13.36,23.2,9.01,100,603,413,290.3312679
2020,9,10,253,SI,8.55,19.1,8.31,100,538,387,270.3084218
2020,9,24,267,SI,11.42,19,8.46,40,525,376,260.2969988
2020,10,15,288,SI,10.35,14.1,8.21,30,554,392,280.3198448
2020,10,29,302,SI,11.01,11.8,8.48,30,561,397,280.3198448
2021,5,5,125,DC,13.59,10.6,7.83,100,802,571,370.4226521
2021,5,19,139,DC,12.27,13.4,8.14,100,571,747,400.4569212
2021,6,2,153,DC,11.29,15.6,8.18,100,647,776,400.4569212
2021,6,16,167,DC,13.48,18.9,8.51,100,612,691,200.2284606
2021,6,30,181,DC,7.75,22.4,7.93,100,707,734,400.4569212
2021,7,14,195,DC,10.1,22.9,8.27,100,631,658,300.3426909
2021,7,28,209,DC,12.54,23,8.45,100,498,608,300.3426909
2021,8,11,223,DC,6.55,23.2,7.81,100,571,591,300.3426909
2021,8,24,236,DC,10.57,23.6,8.21,100,542,557,300.3426909
2021,9,6,249,DC,9.77,22.9,8.24,100,517,537,300.3426909
2021,9,19,262,DC,14.74,22,8.65,60,490,509,300.3426909
2021,10,3,276,DC,10.16,18.3,8.25,100,468,526,300.3426909
2021,10,17,290,DC,5.52,16.5,7.81,100,460,536,300.3426909
2021,5,5,125,GC,13.18,11,8.14,35,687,893,500.5711515
2021,5,19,139,GC,5.09,20.2,7.72,15,803,881,400.4569212
2021,6,2,153,GC,8.78,18.7,7.8,30,673,798,400.4569212
2021,6,16,167,GC,7.6,18.3,7.82,30,646,743,400.4569212
2021,6,30,181,GC,2.72,23.8,7.36,10,571,584,300.3426909
2021,7,14,195,GC,5.79,23.5,7.85,25,695,716,300.3426909
2021,7,28,209,GC,11.67,24.5,8.31,35,632,638,300.3426909
2021,8,11,223,GC,5,25,7.56,,627,627,300.3426909
2021,8,24,236,GC,4.86,24.3,7.28,30,589,596,300.3426909
2021,9,6,249,GC,11.9,22.3,8.21,30,740,780,400.4569212
2021,9,19,262,GC,11.57,20.1,7.99,40,560,603,300.3426909
2021,10,3,276,GC,9.63,18.9,7.53,30,590,,300.3426909
2021,10,17,290,GC,9.11,12.5,8.15,30,566,726,400.4569212
2021,5,5,125,LS,14.85,10.1,8.38,100,789,556,390.4454982
2021,5,19,139,LS,14.99,16.5,8.55,100,595,717,400.4569212
2021,6,2,153,LS,14.15,16.4,8.57,100,584,700,300.3426909
2021,6,16,167,LS,12.48,19.3,8.52,100,621,689,200.2284606
2021,6,30,181,LS,9.59,22.8,8.05,100,613,630,300.3426909
2021,7,14,195,LS,9.75,23,8.17,100,629,649,300.3426909
2021,7,28,209,LS,13.32,24.3,8.48,100,598,603,300.3426909
2021,8,11,223,LS,9.4,24.6,8.1,100,574,579,300.3426909
2021,8,24,236,LS,12.04,25,8.29,100,566,566,300.3426909
2021,9,6,249,LS,11.32,23.4,8.38,100,521,527,300.3426909
2021,9,19,262,LS,14.46,21.8,8.68,100,489,510,300.3426909
2021,10,3,276,LS,10.64,19.2,8.1,100,523,575,300.3426909
2021,10,17,290,LS,8.68,16,8,100,448,528,300.3426909
2021,5,5,125,FP,13.48,10,8.24,100,819,580,410.4683442
2021,5,19,139,FP,13.13,16.6,8.12,100,608,729,400.4569212
2021,6,2,153,FP,11.74,17,8.37,100,597,709,300.3426909
2021,6,16,167,FP,10.17,18.8,8.26,100,641,712,300.3426909
2021,6,30,181,FP,11.46,23.4,8.51,100,643,663,300.3426909
2021,7,14,195,FP,9.57,21.8,8.2,100,512,534,200.2284606
2021,7,28,209,FP,13.31,24.1,8.59,100,599,605,300.3426909
2021,8,11,223,FP,9.24,24.4,8.07,,593,599,300.3426909
2021,8,24,236,FP,15.77,26.3,8.69,100,537,525,300.3426909
2021,9,6,249,FP,11.62,23.3,8.62,100,510,517,300.3426909
2021,9,19,262,FP,9.47,20.8,7.95,100,513,547,300.3426909
2021,10,3,276,FP,9.85,19.6,8.29,20,486,532,300.3426909
2021,10,17,290,FP,10.83,17.3,8.04,100,488,559,300.3426909
2021,5,5,125,P27,14.18,10.2,8.57,100,818,578,400.4569212
2021,5,19,139,P27,17.2,17.9,8.88,100,620,728,400.4569212
2021,6,2,153,P27,19.29,18.4,8.98,100,621,709,300.3426909
2021,6,16,167,P27,16.11,21.5,8.77,100,666,703,300.3426909
2021,6,30,181,P27,14.12,23.4,8.77,100,482,584,200.2284606
2021,7,14,195,P27,15.4,23,8.77,100,591,617,300.3426909
2021,7,28,209,P27,16.86,24.4,8.67,100,615,626,300.3426909
2021,8,11,223,P27,11.43,25.4,8.7,,585,580,300.3426909
2021,8,24,236,P27,18.69,26.9,8.93,100,546,521,300.3426909
2021,9,6,249,P27,11,24,8.67,100,528,524,300.3426909
2021,9,19,262,P27,12.72,22.2,8.55,100,519,538,300.3426909
2021,10,3,276,P27,12.43,19.8,8.55,55,486,528,300.3426909
2021,10,17,290,P27,10.62,18.2,8.12,100,509,572,300.3426909
2021,5,5,125,SI,13.58,10.5,8.16,100,791,587,400.4569212
2021,5,19,139,SI,13.32,18.2,8.06,100,626,725,400.4569212
2021,6,2,153,SI,11.56,18,8.21,100,615,714,400.4569212
2021,6,16,167,SI,12.07,21.6,8.56,100,660,705,300.3426909
2021,6,30,181,SI,11.63,22.7,8.33,100,611,642,300.3426909
2021,7,14,195,SI,11.88,22.7,8.42,100,602,629,300.3426909
2021,7,28,209,SI,11.45,23.6,8.36,100,596,606,300.3426909
2021,8,11,223,SI,10.84,25,8.31,,579,578,300.3426909
2021,8,24,236,SI,13.61,28.1,8.51,,574,540,300.3426909
2021,9,6,249,SI,11.89,23.6,8.54,100,518,522,300.3426909
2021,9,19,262,SI,12.26,22.1,8.55,100,493,511,300.3426909
2021,10,3,276,SI,11.47,19.2,8.39,100,468,514,300.3426909
2021,10,17,290,SI,11.06,18.1,8.36,100,468,526,300.3426909
2022,5,6,126,DC,11.19,11.5,8.53,50,624,821,400.4569212
2022,5,20,140,DC,12.25,15,8.35,89,865,830,400.4569212
2022,6,2,153,DC,12.23,17.4,8.2,100,749,855,400.4569212
2022,6,16,167,DC,12.51,22.7,8.45,100,823,846,400.4569212
2022,6,29,180,DC,8.93,19.3,7.95,92,692,761,400.4569212
2022,7,14,195,DC,10.9,20.6,8.19,100,657,702,400.4569212
2022,7,26,207,DC,9.3,20.6,7.96,100,611,653,300.3426909
2022,8,10,222,DC,11.99,22.4,8.58,100,600,619,300.3426909
2022,8,24,236,DC,5.06,20.8,7.54,100,538,567,300.3426909
2022,9,5,248,DC,6.94,21,8.1,100,532,532,300.3426909
2022,9,18,261,DC,12.38,22.7,8.74,100,555,537,300.3426909
2022,10,2,275,DC,10.95,16.8,8.07,100,464,512,300.3426909
2022,10,16,289,DC,8.62,13.5,7.72,100,438,512,300.3426909
2022,5,6,126,GC,8.92,12.6,7.99,25,642,821,400.4569212
2022,5,20,140,GC,8.59,16.8,8.04,37,820,950,500.5711515
2022,6,2,153,GC,8.55,17.6,7.82,35,771,879,400.4569212
2022,6,16,167,GC,11.03,23.5,8.1,45,842,850,400.4569212
2022,6,29,180,GC,6.11,21.1,7.52,21,772,817,400.4569212
2022,7,14,195,GC,7.18,19.5,7.66,38,658,720,400.4569212
2022,7,26,207,GC,6.02,21.1,7.59,37,654,689,300.3426909
2022,8,10,222,GC,7.95,20.6,7.86,46,594,635,300.3426909
2022,8,24,236,GC,5.48,21.3,7.71,19,794,830,400.4569212
2022,9,5,248,GC,7.45,20.2,7.9,51,553,558,300.3426909
2022,9,18,261,GC,12.77,24.6,8.46,40,623,584,300.3426909
2022,10,2,275,GC,13.24,15.4,8.63,42,467,519,300.3426909
2022,10,16,289,GC,11.53,10.2,7.97,35,450,575,300.3426909
2022,5,6,126,LS,12.19,9.8,8.01,100,589,8.08,400.4569212
2022,5,20,140,LS,13.13,14.5,8.39,100,665,811,400.4569212
2022,6,2,153,LS,12.24,18.1,8.3,100,703,794,400.4569212
2022,6,16,167,LS,13.28,21.4,8.46,72,761,800,400.4569212
2022,6,29,180,LS,10.18,20.4,8.19,100,703,755,400.4569212
2022,7,14,195,LS,11.06,21.4,8.3,100,675,710,400.4569212
2022,7,26,207,LS,12.29,21.8,8.44,100,627,654,300.3426909
2022,8,10,222,LS,13.72,23.9,8.72,100,622,623,300.3426909
2022,8,24,236,LS,12.94,22.5,8.33,100,553,569,300.3426909
2022,9,5,248,LS,8.06,21.3,8.36,100,534,525,300.3426909
2022,9,18,261,LS,11.71,22.2,8.47,100,575,561,300.3426909
2022,10,2,275,LS,11.61,17.2,8.26,100,475,508,300.3426909
2022,10,16,289,LS,10.75,12.9,7.96,100,419,491,300.3426909
2022,5,6,126,FP,11.52,9.6,8,100,605,841,400.4569212
2022,5,20,140,FP,9.67,14.1,8.16,100,688,847,400.4569212
2022,6,2,153,FP,10.69,19,8.71,,728,806,400.4569212
2022,6,16,167,FP,11.25,19.9,8.28,100,743,807,400.4569212
2022,6,29,180,FP,4.85,19.4,7.95,100,722,849,400.4569212
2022,7,14,195,FP,12.6,22.2,8.43,,707,735,400.4569212
2022,7,26,207,FP,7.79,22.5,8.11,100,656,679,300.3426909
2022,8,10,222,FP,10.91,24.1,8.59,100,636,635,300.3426909
2022,8,24,236,FP,10.78,22.2,8.48,100,555,575,300.3426909
2022,9,5,248,FP,6.5,20.1,7.77,100,503,512,300.3426909
2022,9,18,261,FP,10.81,22.5,8.52,100,551,537,300.3426909
2022,10,2,275,FP,10.45,16.3,8.07,100,451,492,300.3426909
2022,10,16,289,FP,11.25,13.2,8.07,100,423,495,300.3426909
2022,5,6,126,P27,12.28,10,8.16,100,629,860,400.4569212
2022,5,20,140,P27,15.2,15.4,8.54,97,675,810,400.4569212
2022,6,2,153,P27,17.82,20.6,8.8,100,760,810,400.4569212
2022,6,16,167,P27,16.6,21.9,8.73,100,744,773,400.4569212
2022,6,29,180,P27,14.23,21.5,8.7,74,724,760,400.4569212
2022,7,14,195,P27,17.01,23.2,8.69,100,708,719,400.4569212
2022,7,26,207,P27,15.07,23.7,8.69,100,669,673,300.3426909
2022,8,10,222,P27,14.28,24.5,8.64,66,659,651,300.3426909
2022,8,24,236,P27,15.79,24,8.97,100,576,575,300.3426909
2022,9,5,248,P27,6.76,20,7.68,100,546,557,300.3426909
2022,9,18,261,P27,10.5,22.1,8.51,100,535,524,300.3426909
2022,10,2,275,P27,13.96,17.1,8.68,100,501,536,300.3426909
2022,10,16,289,P27,12.92,14.8,8.5,100,451,512,300.3426909
2022,5,6,126,SI,11.32,9.9,7.99,100,585,799,400.4569212
2022,5,20,140,SI,15.6,16.4,8.62,100,696,816,400.4569212
2022,6,2,153,SI,10.71,19.6,8.01,100,749,831,400.4569212
2022,6,16,167,SI,12.65,22.3,8.25,100,775,804,400.4569212
2022,6,29,180,SI,10.35,21.3,8.25,100,719,756,400.4569212
2022,7,14,195,SI,13.08,23.3,8.28,100,711,719,400.4569212
2022,7,26,207,SI,10.11,23.4,8.08,100,662,670,300.3426909
2022,8,10,222,SI,11.64,23.6,8.3,,630,634,300.3426909
2022,8,24,236,SI,15.31,24.8,8.59,100,575,567,300.3426909
2022,9,5,248,SI,9.06,21.6,8.42,100,532,527,300.3426909
2022,9,18,261,SI,12.31,21.9,8.65,100,537,527,300.3426909
2022,10,2,275,SI,10.21,16.4,8.14,100,472,515,300.3426909
2022,10,16,289,SI,9.22,14.3,7.79,100,443,507,300.3426909
